{
    "Training_Minutes": 16.75,
    "Epoch_Iterations": 1,
    "Epoch_Dates": [
        "Fri 10/4",
        "Fri 10/11",
        "Sun 10/13",
        "Wed 10/16",
        "Thu 10/17",
        "Tue 10/22",
        "Thu 10/24",
        "Sat 10/26",
        "Tue 10/29",
        "Fri 11/1",
        "Sat 11/2",
        "Mon 11/4",
        "Thu 11/7",
        "Fri 11/8",
        "Sun 11/10",
        "Tue 11/12",
        "Wed 11/13",
        "Fri 11/15",
        "Sun 11/17",
        "Thu 11/21",
        "Sun 11/24",
        "Tue 11/26",
        "Wed 11/27",
        "Fri 11/29",
        "Mon 12/2",
        "Wed 12/4",
        "Fri 12/6",
        "Sun 12/8",
        "Fri 12/13",
        "Sun 12/15",
        "Thu 12/19",
        "Sat 12/21",
        "Mon 12/23",
        "Wed 12/25",
        "Fri 12/27",
        "Sun 12/29",
        "Tue 12/31",
        "Thu 1/2",
        "Sat 1/4",
        "Mon 1/6",
        "Tue 1/7",
        "Thu 1/9",
        "Sat 1/11",
        "Mon 1/13",
        "Wed 1/15",
        "Fri 1/17",
        "Sat 1/18",
        "Mon 1/20",
        "Wed 1/22",
        "Sat 1/25",
        "Mon 1/27",
        "Wed 1/29",
        "Thu 1/30",
        "Sat 2/1",
        "Mon 2/3",
        "Wed 2/5",
        "Thu 2/6",
        "Sat 2/8",
        "Mon 2/10",
        "Wed 2/12",
        "Thu 2/13",
        "Fri 2/21",
        "Sun 2/23",
        "Mon 2/24",
        "Thu 2/27",
        "Fri 2/28",
        "Sun 3/2",
        "Tue 3/4",
        "Wed 3/5",
        "Fri 3/7",
        "Sun 3/9",
        "Wed 3/12",
        "Fri 3/14",
        "Sun 3/16",
        "Mon 3/17",
        "Wed 3/19",
        "Fri 3/21",
        "Mon 3/24"
    ],
    "Losses": [
        [
            0.2337454463222353,
            0.15679062610322772,
            0.08581931529847926,
            0.23433480881835772,
            0.2542002324683297,
            0.05049517149591447,
            0.14101482933724876,
            0.03963789686891749,
            0.023063600901435555,
            0.016321643134454264,
            0.062058573561479445,
            0.11527298478458697,
            0.06519885821556629,
            0.02119169864856954,
            0.025663389875561125,
            0.03244876666551613,
            0.04318266948529347,
            0.1555404623491771,
            0.02212609808671172,
            0.13337135086701135,
            0.07499099069636378,
            0.0496853663329243,
            0.07367080811108366,
            0.02363158522295212,
            0.0036410234895159
        ]
    ],
    "Prediction": [
        48.051302655904244,
        36.51191255955859,
        82.98095484024891,
        46.710209221038696,
        21.2251350175273,
        116.47687720608633
    ],
    "Cell_State": [
        2.2122331401143436e-06,
        7.79244203223606e-06,
        4.439153143215665e-05,
        9.710965738332416e-05,
        0.00012592278672425951,
        0.0001387449986006696
    ],
    "Hidden_State": [
        3.0720234758807585e-09,
        4.37915408275924e-09,
        1.3884414451492688e-11,
        1.091595022706393e-09,
        8.508221904790503e-12,
        -2.3037127760972e-15
    ],
    "Parameters": {
        "VQC_1": [
            [
                [
                    4.11137790479188e-12,
                    6.483702463810914e-14,
                    8.881784197001252e-16
                ]
            ],
            [
                [
                    0.0,
                    0.0,
                    0.0
                ]
            ],
            [
                [
                    0.0,
                    0.0,
                    0.0
                ]
            ],
            [
                [
                    0.0,
                    0.0,
                    0.0
                ]
            ],
            [
                [
                    0.0,
                    0.0,
                    0.0
                ]
            ],
            [
                [
                    0.0,
                    0.0,
                    0.0
                ]
            ],
            [
                [
                    0.0,
                    -4.440892098500626e-16,
                    0.0
                ]
            ],
            [
                [
                    0.0,
                    -7.771561172376096e-15,
                    4.440892098500626e-16
                ]
            ],
            [
                [
                    0.0,
                    -2.2319923687064147e-12,
                    1.2390088954816747e-13
                ]
            ],
            [
                [
                    1.9984014443252818e-15,
                    1.0279554985004324e-11,
                    -5.935252289646087e-13
                ]
            ],
            [
                [
                    -9.325873406851315e-15,
                    7.627765086226646e-11,
                    -4.583888824072346e-12
                ]
            ],
            [
                [
                    -7.172040739078511e-14,
                    6.459677237558026e-11,
                    -3.920641589161278e-12
                ]
            ]
        ],
        "VQC_2": [
            [
                [
                    -6.084022174945858e-14,
                    -1.1102230246251565e-15,
                    0.0
                ]
            ],
            [
                [
                    0.0,
                    0.0,
                    0.0
                ]
            ],
            [
                [
                    0.0,
                    0.0,
                    0.0
                ]
            ],
            [
                [
                    0.0,
                    0.0,
                    0.0
                ]
            ],
            [
                [
                    0.0,
                    0.0,
                    0.0
                ]
            ],
            [
                [
                    0.0,
                    0.0,
                    0.0
                ]
            ],
            [
                [
                    0.0,
                    -4.440892098500626e-16,
                    0.0
                ]
            ],
            [
                [
                    0.0,
                    -8.43769498715119e-15,
                    4.440892098500626e-16
                ]
            ],
            [
                [
                    0.0,
                    -1.5618617510426702e-12,
                    8.060219158778636e-14
                ]
            ],
            [
                [
                    1.1102230246251565e-15,
                    1.0175860154504335e-11,
                    -5.166977956605479e-13
                ]
            ],
            [
                [
                    -7.993605777301127e-15,
                    8.093214987070496e-11,
                    -4.1520120674931604e-12
                ]
            ],
            [
                [
                    -6.461498003318411e-14,
                    7.03728186834951e-11,
                    -3.6273206660553114e-12
                ]
            ]
        ],