{
    "Training_Minutes": 3.8833333333333826,
    "Epoch_Iterations": 1,
    "Epoch_Dates": [
        "Fri 10/4",
        "Fri 10/11",
        "Sun 10/13",
        "Wed 10/16",
        "Thu 10/17",
        "Tue 10/22",
        "Thu 10/24",
        "Sat 10/26",
        "Tue 10/29",
        "Fri 11/1",
        "Sat 11/2",
        "Mon 11/4",
        "Thu 11/7",
        "Fri 11/8",
        "Sun 11/10",
        "Tue 11/12",
        "Wed 11/13",
        "Fri 11/15",
        "Sun 11/17",
        "Thu 11/21"
    ],
    "Losses": [
        [
            0.1280081291339318,
            0.07240386050479988,
            0.047855524996522104,
            0.030376807143096925,
            0.04398261236006637,
            0.05190647123680369,
            0.16994767219514928,
            0.048990766580669934,
            0.10714155834382501
        ]
    ],
    "Prediction": [
        41.72126894324556,
        20.82292757386042,
        93.70276017155888,
        38.72936003336204,
        21.455011396269757,
        116.80176407054739
    ],
    "Cell_State": [
        -0.00012313493180219227,
        -0.00014391987543086,
        -0.00010359745064832517,
        -0.0004001703361701483,
        -0.00045389593292448013,
        -0.0005130803652528249
    ],
    "Hidden_State": [
        4.471828271915279e-08,
        5.7672303963723914e-08,
        -5.407482794872465e-10,
        9.823328844804635e-09,
        -2.293613632353697e-10,
        9.27535825923087e-13
    ],
    "Parameters": {
        "VQC_1": [
            [
                [
                    6.536748919927504e-11,
                    3.929523373358279e-12,
                    2.4513724383723456e-13
                ]
            ],
            [
                [
                    1.509903313490213e-14,
                    1.1102230246251565e-15,
                    0.0
                ]
            ],
            [
                [
                    0.0,
                    0.0,
                    0.0
                ]
            ],
            [
                [
                    0.0,
                    0.0,
                    0.0
                ]
            ],
            [
                [
                    0.0,
                    0.0,
                    0.0
                ]
            ],
            [
                [
                    0.0,
                    0.0,
                    0.0
                ]
            ],
            [
                [
                    0.0,
                    -5.438760553033717e-12,
                    4.647393581080905e-13
                ]
            ],
            [
                [
                    2.864375403532904e-14,
                    -1.1104894781510666e-11,
                    9.514611321037592e-13
                ]
            ],
            [
                [
                    5.839773109528323e-14,
                    -2.8633317938897562e-11,
                    2.370104112969784e-12
                ]
            ],
            [
                [
                    1.4721557306529576e-13,
                    -1.3186318703617417e-10,
                    1.1449952097564164e-11
                ]
            ],
            [
                [
                    6.998845947236987e-13,
                    -3.020383942953231e-10,
                    2.6451507650904205e-11
                ]
            ],
            [
                [
                    1.6144863224099026e-12,
                    -8.006966201179466e-10,
                    7.072120666862247e-11
                ]
            ]
        ],
        "VQC_2": [
            [
                [
                    4.304112621866807e-12,
                    2.6845192735436285e-13,
                    1.687538997430238e-14
                ]
            ],
            [
                [
                    1.1102230246251565e-15,
                    0.0,
                    0.0
                ]
            ],
            [
                [
                    0.0,
                    0.0,
                    0.0
                ]
            ],
            [
                [
                    0.0,
                    0.0,
                    0.0
                ]
            ],
            [
                [
                    0.0,
                    0.0,
                    0.0
                ]
            ],
            [
                [
                    0.0,
                    0.0,
                    0.0
                ]
            ],
            [
                [
                    0.0,
                    -5.683009618451251e-12,
                    4.75175454539567e-13
                ]
            ],
            [
                [
                    2.930988785010413e-14,
                    -1.1468159755168017e-11,
                    9.610090501155355e-13
                ]
            ],
            [
                [
                    5.906386491005833e-14,
                    -3.0743407819500135e-11,
                    2.497557716196752e-12
                ]
            ],
            [
                [
                    1.5520917884259688e-13,
                    -1.378714920008406e-10,
                    1.1648237929762217e-11
                ]
            ],
            [
                [
                    7.120970479945754e-13,
                    -3.223523670214945e-10,
                    2.737454707357756e-11
                ]
            ],
            [
                [
                    1.6691092952214603e-12,
                    -8.700835607555746e-10,
                    7.449019179261995e-11
                ]
            ]
        ],