{
    "Training_Minutes": 33.5,
    "Epoch_Iterations": 2,
    "Epoch_Dates": [
        "Fri 10/4",
        "Fri 10/11",
        "Sun 10/13",
        "Wed 10/16",
        "Thu 10/17",
        "Tue 10/22",
        "Thu 10/24",
        "Sat 10/26",
        "Tue 10/29",
        "Fri 11/1",
        "Sat 11/2",
        "Mon 11/4",
        "Thu 11/7",
        "Fri 11/8",
        "Sun 11/10",
        "Tue 11/12",
        "Wed 11/13",
        "Fri 11/15",
        "Sun 11/17",
        "Thu 11/21",
        "Sun 11/24",
        "Tue 11/26",
        "Wed 11/27",
        "Fri 11/29",
        "Mon 12/2",
        "Wed 12/4",
        "Fri 12/6",
        "Sun 12/8",
        "Fri 12/13",
        "Sun 12/15",
        "Thu 12/19",
        "Sat 12/21",
        "Mon 12/23",
        "Wed 12/25",
        "Fri 12/27",
        "Sun 12/29",
        "Tue 12/31",
        "Thu 1/2",
        "Sat 1/4",
        "Mon 1/6",
        "Tue 1/7",
        "Thu 1/9",
        "Sat 1/11",
        "Mon 1/13",
        "Wed 1/15",
        "Fri 1/17",
        "Sat 1/18",
        "Mon 1/20",
        "Wed 1/22",
        "Sat 1/25",
        "Mon 1/27",
        "Wed 1/29",
        "Thu 1/30",
        "Sat 2/1",
        "Mon 2/3",
        "Wed 2/5",
        "Thu 2/6",
        "Sat 2/8",
        "Mon 2/10",
        "Wed 2/12",
        "Thu 2/13",
        "Fri 2/21",
        "Sun 2/23",
        "Mon 2/24",
        "Thu 2/27",
        "Fri 2/28",
        "Sun 3/2",
        "Tue 3/4",
        "Wed 3/5",
        "Fri 3/7",
        "Sun 3/9",
        "Wed 3/12",
        "Fri 3/14",
        "Sun 3/16",
        "Mon 3/17",
        "Wed 3/19",
        "Fri 3/21",
        "Mon 3/24"
    ],
    "Losses": [
        [
            0.2337454463222353,
            0.15679062610322772,
            0.08581931529847926,
            0.23433480881835772,
            0.2542002324683297,
            0.05049517149591447,
            0.14101482933724876,
            0.03963789686891749,
            0.023063600901435555,
            0.016321643134454264,
            0.062058573561479445,
            0.11527298478458697,
            0.06519885821556629,
            0.02119169864856954,
            0.025663389875561125,
            0.03244876666551613,
            0.04318266948529347,
            0.1555404623491771,
            0.02212609808671172,
            0.13337135086701135,
            0.07499099069636378,
            0.0496853663329243,
            0.07367080811108366,
            0.02363158522295212,
            0.0036410234895159
        ],
        [
            0.02969753127831776,
            0.008277417553929176,
            0.019032354099018333,
            0.04606509264394359,
            0.19929366044476102,
            0.050147083602143525,
            0.05189148077222498,
            0.0381241432762707,
            0.05642998883277821,
            0.10969729364675433,
            0.051343476347548614,
            0.07461087634244049,
            0.19386452663093987,
            0.07839746960476744,
            0.11493284609635225,
            0.048259898701951,
            0.04127313387071092,
            0.051048513123140335,
            0.10895304276871795,
            0.08314215152723994,
            0.07251357623523928,
            0.10685975944466736,
            0.19623200926298898,
            0.1268768827125622,
            0.06174300012710303
        ]
    ],
    "Prediction": [
        46.108015583208065,
        24.83374775936947,
        96.01639251405325,
        43.49339590898438,
        18.605644068565315,
        122.80916539026508
    ],
    "Cell_State": [
        -5.1891518306114474e-05,
        -9.811288932049887e-05,
        -0.0001613026098326071,
        -0.0003674049785931539,
        -0.00043285714455744764,
        -0.0003680023053322072
    ],
    "Hidden_State": [
        3.955149899606547e-08,
        3.965751030690634e-08,
        -1.4983109197785893e-10,
        1.4666007977504059e-08,
        -6.821428144565544e-11,
        2.2246093855926574e-14
    ],
    "Parameters": {
        "VQC_1": [
            [
                [
                    3.096700673665964e-11,
                    4.816147480823929e-13,
                    7.105427357601002e-15
                ]
            ],
            [
                [
                    0.0,
                    0.0,
                    0.0
                ]
            ],
            [
                [
                    0.0,
                    0.0,
                    0.0
                ]
            ],
            [
                [
                    0.0,
                    0.0,
                    0.0
                ]
            ],
            [
                [
                    0.0,
                    0.0,
                    0.0
                ]
            ],
            [
                [
                    0.0,
                    0.0,
                    0.0
                ]
            ],
            [
                [
                    0.0,
                    -1.9255708139098715e-12,
                    1.0969003483296547e-13
                ]
            ],
            [
                [
                    1.3322676295501878e-15,
                    -1.3272272170183896e-11,
                    7.573941473992818e-13
                ]
            ],
            [
                [
                    1.176836406102666e-14,
                    -1.054634157782175e-10,
                    5.944134073843088e-12
                ]
            ],
            [
                [
                    9.192646643896296e-14,
                    -6.966092147564495e-10,
                    4.0718761695757166e-11
                ]
            ],
            [
                [
                    6.261657858885883e-13,
                    -1.3195267101195896e-09,
                    7.795408762945044e-11
                ]
            ],
            [
                [
                    1.1994849558050191e-12,
                    -9.201888140353276e-10,
                    5.5065729753778214e-11
                ]
            ]
        ],