{
    "Training_Minutes": 7.900000000000034,
    "Epoch_Iterations": 2,
    "Epoch_Dates": [
        "Fri 10/4",
        "Fri 10/11",
        "Sun 10/13",
        "Wed 10/16",
        "Thu 10/17",
        "Tue 10/22",
        "Thu 10/24",
        "Sat 10/26",
        "Tue 10/29",
        "Fri 11/1",
        "Sat 11/2",
        "Mon 11/4",
        "Thu 11/7",
        "Fri 11/8",
        "Sun 11/10",
        "Tue 11/12",
        "Wed 11/13",
        "Fri 11/15",
        "Sun 11/17",
        "Thu 11/21"
    ],
    "Losses": [
        [
            0.1280081291339318,
            0.07240386050479988,
            0.047855524996522104,
            0.030376807143096925,
            0.04398261236006637,
            0.05190647123680369,
            0.16994767219514928,
            0.048990766580669934,
            0.10714155834382501
        ],
        [
            0.13817939502942736,
            0.24019655627803277,
            0.09587170683441965,
            0.2901460695278186,
            0.13027034741654153,
            0.17109558638261185,
            0.3873340613858109,
            0.17529135214611913,
            0.2713454558073893
        ]
    ],
    "Prediction": [
        33.846269628145784,
        6.287518493118366,
        99.59590030714229,
        30.130121356532214,
        18.961413549562867,
        123.51355194782091
    ],
    "Cell_State": [
        -0.0009386897249085926,
        -0.0016443314604753963,
        -0.0017575510950375794,
        -0.005724275818817982,
        -0.006829869289919331,
        -0.006257408457448345
    ],
    "Hidden_State": [
        9.058550039055258e-06,
        1.0130575573754144e-05,
        -5.154113534300286e-07,
        1.999489495613238e-06,
        -1.950105071313324e-07,
        9.103349185579646e-10
    ],
    "Parameters": {
        "VQC_1": [
            [
                [
                    -3.858077168850116e-08,
                    -2.7939770497198424e-09,
                    -1.7607915125950058e-10
                ]
            ],
            [
                [
                    -1.1008749467578127e-11,
                    -6.874500968478969e-13,
                    -4.3076653355456074e-14
                ]
            ],
            [
                [
                    -2.6645352591003757e-15,
                    -2.220446049250313e-16,
                    0.0
                ]
            ],
            [
                [
                    0.0,
                    0.0,
                    0.0
                ]
            ],
            [
                [
                    0.0,
                    0.0,
                    0.0
                ]
            ],
            [
                [
                    0.0,
                    0.0,
                    0.0
                ]
            ],
            [
                [
                    0.0,
                    -5.257993151985829e-09,
                    4.495444017038608e-10
                ]
            ],
            [
                [
                    2.7598590079946916e-11,
                    -3.594956932140292e-08,
                    3.0765978653590764e-09
                ]
            ],
            [
                [
                    1.8883072883113527e-10,
                    -8.86931448285111e-08,
                    7.435583038173377e-09
                ]
            ],
            [
                [
                    4.6044279500279117e-10,
                    -1.2132567033251718e-06,
                    1.0474596345844134e-07
                ]
            ],
            [
                [
                    6.42624153890381e-09,
                    -2.0503044895203715e-06,
                    1.778471976354723e-07
                ]
            ],
            [
                [
                    1.0907600822562813e-08,
                    -1.2737487402603165e-06,
                    1.1165371760490927e-07
                ]
            ]
        ],
        "VQC_2": [
            [
                [
                    6.831104126803211e-09,
                    4.2633763186472606e-10,
                    2.664202192192988e-11
                ]
            ],
            [
                [
                    1.6651124923328098e-12,
                    1.0413891970983968e-13,
                    6.439293542825908e-15
                ]
            ],
            [
                [
                    2.220446049250313e-16,
                    0.0,
                    0.0
                ]
            ],
            [
                [
                    0.0,
                    0.0,
                    0.0
                ]
            ],
            [
                [
                    0.0,
                    0.0,
                    0.0
                ]
            ],
            [
                [
                    0.0,
                    0.0,
                    0.0
                ]
            ],
            [
                [
                    0.0,
                    -5.513386414079946e-09,
                    4.6144688070626216e-10
                ]
            ],
            [
                [
                    2.8318902778323718e-11,
                    -3.736311526836289e-08,
                    3.128416858899641e-09
                ]
            ],
            [
                [
                    1.9195911526992404e-10,
                    -9.191961680699023e-08,
                    7.541797186760846e-09
                ]
            ],
            [
                [
                    4.670019926322766e-10,
                    -1.282621959530772e-06,
                    1.0752322476825782e-07
                ]
            ],
            [
                [
                    6.593495971429775e-09,
                    -2.1963546046332993e-06,
                    1.843587074112918e-07
                ]
            ],
            [
                [
                    1.1299739588466196e-08,
                    -1.3843803576829572e-06,
                    1.170142518436279e-07
                ]
            ]
        ],