{
    "Training_Minutes": 49.94999999999999,
    "Epoch_Iterations": 3,
    "Epoch_Dates": [
        "Fri 10/4",
        "Fri 10/11",
        "Sun 10/13",
        "Wed 10/16",
        "Thu 10/17",
        "Tue 10/22",
        "Thu 10/24",
        "Sat 10/26",
        "Tue 10/29",
        "Fri 11/1",
        "Sat 11/2",
        "Mon 11/4",
        "Thu 11/7",
        "Fri 11/8",
        "Sun 11/10",
        "Tue 11/12",
        "Wed 11/13",
        "Fri 11/15",
        "Sun 11/17",
        "Thu 11/21",
        "Sun 11/24",
        "Tue 11/26",
        "Wed 11/27",
        "Fri 11/29",
        "Mon 12/2",
        "Wed 12/4",
        "Fri 12/6",
        "Sun 12/8",
        "Fri 12/13",
        "Sun 12/15",
        "Thu 12/19",
        "Sat 12/21",
        "Mon 12/23",
        "Wed 12/25",
        "Fri 12/27",
        "Sun 12/29",
        "Tue 12/31",
        "Thu 1/2",
        "Sat 1/4",
        "Mon 1/6",
        "Tue 1/7",
        "Thu 1/9",
        "Sat 1/11",
        "Mon 1/13",
        "Wed 1/15",
        "Fri 1/17",
        "Sat 1/18",
        "Mon 1/20",
        "Wed 1/22",
        "Sat 1/25",
        "Mon 1/27",
        "Wed 1/29",
        "Thu 1/30",
        "Sat 2/1",
        "Mon 2/3",
        "Wed 2/5",
        "Thu 2/6",
        "Sat 2/8",
        "Mon 2/10",
        "Wed 2/12",
        "Thu 2/13",
        "Fri 2/21",
        "Sun 2/23",
        "Mon 2/24",
        "Thu 2/27",
        "Fri 2/28",
        "Sun 3/2",
        "Tue 3/4",
        "Wed 3/5",
        "Fri 3/7",
        "Sun 3/9",
        "Wed 3/12",
        "Fri 3/14",
        "Sun 3/16",
        "Mon 3/17",
        "Wed 3/19",
        "Fri 3/21",
        "Mon 3/24"
    ],
    "Losses": [
        [
            0.2337454463222353,
            0.15679062610322772,
            0.08581931529847926,
            0.23433480881835772,
            0.2542002324683297,
            0.05049517149591447,
            0.14101482933724876,
            0.03963789686891749,
            0.023063600901435555,
            0.016321643134454264,
            0.062058573561479445,
            0.11527298478458697,
            0.06519885821556629,
            0.02119169864856954,
            0.025663389875561125,
            0.03244876666551613,
            0.04318266948529347,
            0.1555404623491771,
            0.02212609808671172,
            0.13337135086701135,
            0.07499099069636378,
            0.0496853663329243,
            0.07367080811108366,
            0.02363158522295212,
            0.0036410234895159
        ],
        [
            0.02969753127831776,
            0.008277417553929176,
            0.019032354099018333,
            0.04606509264394359,
            0.19929366044476102,
            0.050147083602143525,
            0.05189148077222498,
            0.0381241432762707,
            0.05642998883277821,
            0.10969729364675433,
            0.051343476347548614,
            0.07461087634244049,
            0.19386452663093987,
            0.07839746960476744,
            0.11493284609635225,
            0.048259898701951,
            0.04127313387071092,
            0.051048513123140335,
            0.10895304276871795,
            0.08314215152723994,
            0.07251357623523928,
            0.10685975944466736,
            0.19623200926298898,
            0.1268768827125622,
            0.06174300012710303
        ],
        [
            0.03880905794323463,
            0.03762210592438967,
            0.09777869848159537,
            0.054792198605934324,
            0.2937974886061305,
            0.12676971931098338,
            0.09776665359651325,
            0.12121011619929854,
            0.16081633388969113,
            0.21737552958064993,
            0.12573006398229414,
            0.15830215376769374,
            0.31634586035051104,
            0.1719030532477976,
            0.22608755571441183,
            0.13546200739300618,
            0.10611725261050328,
            0.04499270205669231,
            0.1947458979621405,
            0.1010240656872805,
            0.12107061635608309,
            0.18969773778862759,
            0.294943612000686,
            0.23269172151424838,
            0.14156858967788333
        ]
    ],
    "Prediction": [
        44.1760281077129,
        15.94059412623124,
        99.17129318588832,
        40.42156165507698,
        16.270953033226746,
        128.86016670106227
    ],
    "Cell_State": [
        -0.00025780192389239493,
        -0.00047242585121367854,
        -0.0007085104037777416,
        -0.0016154067872063457,
        -0.0019649659149242483,
        -0.0016616479134275574
    ],
    "Hidden_State": [
        7.764003046757673e-07,
        8.025548835464968e-07,
        -1.2715983488398308e-08,
        2.734170545803938e-07,
        -5.657542129222648e-09,
        1.852379361011458e-12
    ],
    "Parameters": {
        "VQC_1": [
            [
                [
                    1.3735472759179856e-09,
                    2.11086703671981e-11,
                    3.2929214910382143e-13
                ]
            ],
            [
                [
                    4.6629367034256575e-15,
                    0.0,
                    0.0
                ]
            ],
            [
                [
                    0.0,
                    0.0,
                    0.0
                ]
            ],
            [
                [
                    0.0,
                    0.0,
                    0.0
                ]
            ],
            [
                [
                    0.0,
                    0.0,
                    0.0
                ]
            ],
            [
                [
                    0.0,
                    0.0,
                    0.0
                ]
            ],
            [
                [
                    0.0,
                    -2.519804365164191e-10,
                    1.4335643783169871e-11
                ]
            ],
            [
                [
                    2.2004620348070603e-13,
                    -1.5652148466216431e-09,
                    8.919065486168165e-11
                ]
            ],
            [
                [
                    1.375344282905644e-12,
                    -9.966046654596994e-09,
                    5.61098278950567e-10
                ]
            ],
            [
                [
                    8.705702825295702e-12,
                    -6.846026101570146e-08,
                    4.002932652014124e-09
                ]
            ],
            [
                [
                    6.160960630552381e-11,
                    -1.400200044798794e-07,
                    8.301669351951091e-09
                ]
            ],
            [
                [
                    1.277369321428523e-10,
                    -8.898525227785115e-08,
                    5.338064656967845e-09
                ]
            ]
        ],