{
    "Training_Minutes": 0,
    "Epoch_Iterations": 6,
    "Epoch_Dates": [
        "Wed 3/19",
        "Fri 3/21",
        "Mon 3/24",
        "Fri 3/28",
        "Sun 3/30",
        "Tue 4/1",
        "Thu 4/3",
        "Sat 4/5",
        "Tue 4/8",
        "Thu 4/10",
        "Fri 4/11",
        "Sun 4/13",
        "Sat 4/19",
        "Tue 4/22",
        "Fri 4/25"
    ],
    "Losses": [
        [
            0.2881756910895255,
            0.07156705732555119,
            0.1825492210262602,
            0.28851963202251535,
            0.11224205084997405,
            0.05610673731750586,
            0.06671810206799135,
            0.2000368409309826,
            0.1818115216953964,
            0.09130841168004056,
            0.08693231045540446,
            0.08975793850840717,
            0.25364477734795415,
            0.04959892905736805
        ],
        [
            0.21906496254746624,
            0.045561509923557744,
            0.11610496822471812,
            0.22428922469129753,
            0.0712860874248165,
            0.03321546352415925,
            0.02988746933248161,
            0.1306673606776425,
            0.12835465385938616,
            0.047801828115466474,
            0.06433303047788266,
            0.06153406567302978,
            0.20715695378907212,
            0.030088809821272017
        ],
        [
            0.18002698268672915,
            0.04000368484438296,
            0.07826094313396595,
            0.18682609771200617,
            0.052252242016364775,
            0.028723423930704615,
            0.013729289352834672,
            0.08808425498359913,
            0.09841596237794101,
            0.024959826005135695,
            0.05799103600828256,
            0.05078454120129691,
            0.18096887028063327,
            0.025019307300106822
        ],
        [
            0.15995029253542567,
            0.045419349222434284,
            0.058340333571768835,
            0.1659148253163427,
            0.0458720450457526,
            0.03409823425134561,
            0.009458527058247313,
            0.062487707655940326,
            0.0828453076135996,
            0.014364024383867649,
            0.060446901341720316,
            0.049864405602776544,
            0.1670647778898906,
            0.02768833685497004
        ],
        [
            0.1511361821178177,
            0.056058492946769393,
            0.049097105461672244,
            0.1549012978968374,
            0.046396638448466095,
            0.04420249355483609,
            0.011617326019378446,
            0.04739155810724859,
            0.07575929184290989,
            0.010785399749026965,
            0.06729139523107909,
            0.054129432471467696,
            0.16043180983808822,
            0.03419800144912457
        ],
        [
            0.14878402294221604,
            0.06873994604777899,
            0.04603786053251188,
            0.14973706371754145,
            0.05049893497212783,
            0.05617577279707351,
            0.01703432983205096,
            0.038747468666221564,
            0.07358697438182885,
            0.01112903389189782,
            0.07605724370429016,
            0.06090450361094706,
            0.1580515800536521,
            0.042380608957622384
        ]
    ],
    "Prediction": [
        49.704194077656524,
        33.71815723992794,
        81.27547862221915,
        49.25036503903866,
        18.50044768101268,
        118.76652433567982
    ],
    "Cell_State": [
        2.758136106173376e-07,
        8.57935001421018e-06,
        7.968600197485483e-05,
        0.00021005911759785264,
        0.0002824961151319064,
        0.00028196867613455466
    ],
    "Hidden_State": [
        1.4835221041203939e-08,
        1.9913763549608832e-08,
        -4.85722573273506e-17,
        4.184692828368419e-09,
        -2.410571742217371e-14,
        -1.3877787807814457e-17
    ],
    "Parameters": {
        "VQC_1": [
            [
                [
                    1.393662962811959e-11,
                    3.3648639430339244e-12,
                    8.342215807033426e-13
                ]
            ],
            [
                [
                    2.0827783941967937e-13,
                    5.240252676230739e-14,
                    1.2656542480726785e-14
                ]
            ],
            [
                [
                    2.4424906541753444e-15,
                    1.3322676295501878e-15,
                    2.220446049250313e-16
                ]
            ],
            [
                [
                    0.0,
                    0.0,
                    0.0
                ]
            ],
            [
                [
                    0.0,
                    0.0,
                    0.0
                ]
            ],
            [
                [
                    0.0,
                    0.0,
                    0.0
                ]
            ],
            [
                [
                    0.0,
                    -1.7763568394002505e-14,
                    8.881784197001252e-16
                ]
            ],
            [
                [
                    6.661338147750939e-16,
                    -1.2523315717771766e-13,
                    8.881784197001252e-15
                ]
            ],
            [
                [
                    3.552713678800501e-15,
                    2.8676172547648093e-11,
                    -1.937339177970898e-12
                ]
            ],
            [
                [
                    -4.845013279464183e-13,
                    6.761058379822771e-11,
                    -4.233946526710497e-12
                ]
            ],
            [
                [
                    -1.0540457395791236e-12,
                    1.2487122447168986e-11,
                    -1.3087309014281345e-12
                ]
            ],
            [
                [
                    -3.1907809727727e-13,
                    -8.540057550021629e-12,
                    7.771561172376096e-14
                ]
            ]
        ],