{
    "Training_Minutes": 0,
    "Epoch_Iterations": 5,
    "Epoch_Dates": [
        "Wed 3/19",
        "Fri 3/21",
        "Mon 3/24",
        "Fri 3/28",
        "Sun 3/30",
        "Tue 4/1",
        "Thu 4/3",
        "Sat 4/5",
        "Tue 4/8",
        "Thu 4/10",
        "Fri 4/11",
        "Sun 4/13",
        "Sat 4/19",
        "Tue 4/22",
        "Fri 4/25"
    ],
    "Losses": [
        [
            0.2881756910895265,
            0.07154071071111828,
            0.18227474262237686,
            0.2883373980679403,
            0.11174081818647277,
            0.05565042823530606,
            0.06574044678815454,
            0.19791915585500314,
            0.17920623225250687,
            0.08891316878073396,
            0.08504957392615087,
            0.08722193577087949,
            0.24977286392299547,
            0.04715625871571329
        ],
        [
            0.21323684879021204,
            0.04421747790637722,
            0.10905517662970053,
            0.2170262088631943,
            0.0662690193928182,
            0.031206467354121192,
            0.024775295031976084,
            0.11839393220816866,
            0.11752751250211263,
            0.03919450114113523,
            0.060556130434016,
            0.05618024806315299,
            0.1962146237812829,
            0.02693741880057505
        ],
        [
            0.16932991017052793,
            0.042208590829981296,
            0.03910030672212708,
            0.17386918105363738,
            0.04727860947643316,
            0.031377154065022395,
            0.009678068716332502,
            0.062094926802221,
            0.08438857253177533,
            0.015594868057993037,
            0.0592049463768054,
            0.023245394653567387,
            0.17599243527935512,
            0.016523373711611524
        ],
        [
            0.15198500637545395,
            0.058971807638790036,
            0.03766063599669225,
            0.1519462607181893,
            0.04712548351396897,
            0.05027352144748643,
            0.011782729357633389,
            0.03824439353257215,
            0.07434753555154688,
            0.011394421239728114,
            0.07455452862767975,
            0.0306826249464973,
            0.16526928132965873,
            0.025037103894715296
        ],
        [
            0.15602791823575252,
            0.08896592303536859,
            0.054334533538034316,
            0.14684956515467265,
            0.060917890500730563,
            0.08209467423920874,
            0.028342522197597118,
            0.033023395964860716,
            0.08120604729513664,
            0.02121507458577547,
            0.10120200911839942,
            0.05153500502460945,
            0.1691179716159915,
            0.044536479634550354
        ]
    ],
    "Prediction": [
        49.142609140869,
        28.154851044542482,
        86.84416557262298,
        49.27454942204326,
        17.058390823805627,
        122.09253322803411
    ],
    "Cell_State": [
        -2.4843689773950454e-05,
        -3.012501115988457e-05,
        -1.0793476511099191e-05,
        -2.577206001190917e-05,
        -2.9497431075821376e-05,
        -1.6459205127097192e-05
    ],
    "Hidden_State": [
        1.9005239049185718e-10,
        1.2137609667339788e-10,
        0.0,
        6.954252451674137e-11,
        6.661338147750939e-16,
        -5.551115123125783e-17
    ],
    "Parameters": {
        "VQC_1": [
            [
                [
                    4.186651025861465e-12,
                    7.114309141798003e-13,
                    1.5631940186722204e-13
                ]
            ],
            [
                [
                    3.7969627442180354e-14,
                    9.992007221626409e-15,
                    1.5543122344752192e-15
                ]
            ],
            [
                [
                    2.220446049250313e-16,
                    4.440892098500626e-16,
                    0.0
                ]
            ],
            [
                [
                    0.0,
                    0.0,
                    0.0
                ]
            ],
            [
                [
                    0.0,
                    0.0,
                    0.0
                ]
            ],
            [
                [
                    0.0,
                    0.0,
                    0.0
                ]
            ],
            [
                [
                    0.0,
                    -5.750955267558311e-14,
                    4.6629367034256575e-15
                ]
            ],
            [
                [
                    6.661338147750939e-16,
                    -1.6342482922482304e-13,
                    1.199040866595169e-14
                ]
            ],
            [
                [
                    2.886579864025407e-15,
                    9.110490140074035e-12,
                    -5.868638908168577e-13
                ]
            ],
            [
                [
                    -1.461053500406706e-13,
                    1.9082291302652266e-11,
                    -1.0644818360106e-12
                ]
            ],
            [
                [
                    -2.666755705149626e-13,
                    -6.113332062795962e-12,
                    3.3173463975799677e-13
                ]
            ],
            [
                [
                    8.126832540256146e-14,
                    -1.646194291993197e-11,
                    9.383605004131823e-13
                ]
            ]
        ],