{
    "Training_Minutes": 0,
    "Epoch_Iterations": 1,
    "Epoch_Dates": [
        "Wed 3/19",
        "Fri 3/21",
        "Mon 3/24",
        "Fri 3/28",
        "Sun 3/30",
        "Tue 4/1",
        "Thu 4/3",
        "Sat 4/5",
        "Tue 4/8",
        "Thu 4/10",
        "Fri 4/11",
        "Sun 4/13",
        "Sat 4/19",
        "Tue 4/22",
        "Fri 4/25"
    ],
    "Losses": [
        [
            0.2881756910895265,
            0.07154071071111828,
            0.18227474262237686,
            0.2883373980679403,
            0.11174081818647277,
            0.05565042823530606,
            0.06574044678815454,
            0.19791915585500314,
            0.17920623225250687,
            0.08891316878073396,
            0.08504957392615087,
            0.08722193577087949,
            0.24977286392299547,
            0.04715625871571329
        ]
    ],
    "Prediction": [
        49.94319251767239,
        45.535626623266104,
        59.3459141393749,
        49.82500045064606,
        22.50405947251417,
        112.44913680440928
    ],
    "Cell_State": [
        3.5073928288171444e-06,
        7.800120664243371e-06,
        2.0869155727528332e-05,
        5.152132213360584e-05,
        6.884799029319527e-05,
        5.0417042715061396e-05
    ],
    "Hidden_State": [
        8.867849336791078e-10,
        8.677780126420398e-10,
        6.938893903907228e-18,
        2.6880161985154416e-10,
        -9.43689570931383e-16,
        0.0
    ],
    "Parameters": {
        "VQC_1": [
            [
                [
                    5.164757510556228e-13,
                    1.3700152123874432e-13,
                    3.4861002973229915e-14
                ]
            ],
            [
                [
                    8.659739592076221e-15,
                    1.9984014443252818e-15,
                    4.440892098500626e-16
                ]
            ],
            [
                [
                    0.0,
                    0.0,
                    0.0
                ]
            ],
            [
                [
                    0.0,
                    0.0,
                    0.0
                ]
            ],
            [
                [
                    0.0,
                    0.0,
                    0.0
                ]
            ],
            [
                [
                    0.0,
                    0.0,
                    0.0
                ]
            ],
            [
                [
                    0.0,
                    0.0,
                    0.0
                ]
            ],
            [
                [
                    0.0,
                    1.1102230246251565e-15,
                    0.0
                ]
            ],
            [
                [
                    0.0,
                    2.611244553918368e-13,
                    -1.7985612998927536e-14
                ]
            ],
            [
                [
                    -4.218847493575595e-15,
                    9.743317264110374e-13,
                    -6.017408793468348e-14
                ]
            ],
            [
                [
                    -1.4876988529977098e-14,
                    2.3216983890961274e-12,
                    -1.396660564978447e-13
                ]
            ],
            [
                [
                    -3.4638958368304884e-14,
                    1.5929479957321746e-12,
                    -9.481304630298837e-14
                ]
            ]
        ],
        "VQC_2": [
            [
                [
                    -2.3314683517128287e-14,
                    -5.551115123125783e-15,
                    -1.1102230246251565e-15
                ]
            ],
            [
                [
                    -4.440892098500626e-16,
                    0.0,
                    0.0
                ]
            ],
            [
                [
                    0.0,
                    0.0,
                    0.0
                ]
            ],
            [
                [
                    0.0,
                    0.0,
                    0.0
                ]
            ],
            [
                [
                    0.0,
                    0.0,
                    0.0
                ]
            ],
            [
                [
                    0.0,
                    0.0,
                    0.0
                ]
            ],
            [
                [
                    0.0,
                    0.0,
                    0.0
                ]
            ],
            [
                [
                    0.0,
                    1.3322676295501878e-15,
                    0.0
                ]
            ],
            [
                [
                    0.0,
                    2.864375403532904e-13,
                    -2.4202861936828413e-14
                ]
            ],
            [
                [
                    -5.995204332975845e-15,
                    1.1188827642172328e-12,
                    -9.592326932761353e-14
                ]
            ],
            [
                [
                    -2.398081733190338e-14,
                    2.6865176749879538e-12,
                    -2.3159252293680765e-13
                ]
            ],
            [
                [
                    -5.728750807065808e-14,
                    1.8491874698156607e-12,
                    -1.609823385706477e-13
                ]
            ]
        ],
        "VQC_3": [
            [
                [
                    -3.9968028886505635e-14,
                    -9.547918011776346e-15,
                    -2.4424906541753444e-15
                ]
            ],
            [
                [
                    -4.440892098500626e-16,
                    0.0,
                    0.0
                ]
            ],
            [
                [
                    0.0,
                    0.0,
                    0.0
                ]
            ],
            [
                [
                    0.0,
                    0.0,
                    0.0
                ]
            ],
            [
                [
                    0.0,
                    0.0,
                    0.0
                ]
            ],
            [
                [
                    0.0,
                    0.0,
                    0.0
                ]
            ],
            [
                [
                    0.0,
                    -6.0940904311745925e-06,
                    -4.0847689963818823e-07
                ]
            ],
            [
                [
                    -2.550311650750814e-08,
                    -1.285409362128398e-05,
                    -8.672457818548196e-07
                ]
            ],
            [
                [
                    -5.414879455933885e-08,
                    -3.651806167792593e-05,
                    -2.4426035927227474e-06
                ]
            ],
            [
                [
                    -1.530457174325761e-07,
                    -6.350314275516133e-05,
                    -4.7707737473867695e-06
                ]
            ],
            [
                [
                    -2.9848301497104046e-07,
                    -8.073153416954248e-05,
                    -5.918642593139012e-06
                ]
            ],
            [
                [
                    -3.7072202818677624e-07,
                    -5.616783057127428e-05,
                    -6.266265708765317e-06
                ]
            ]
        ],