{
    "Training_Minutes": 0,
    "Epoch_Iterations": 7,
    "Epoch_Dates": [
        "Wed 3/19",
        "Fri 3/21",
        "Mon 3/24",
        "Fri 3/28",
        "Sun 3/30",
        "Tue 4/1",
        "Thu 4/3",
        "Sat 4/5",
        "Tue 4/8",
        "Thu 4/10",
        "Fri 4/11",
        "Sun 4/13",
        "Sat 4/19",
        "Tue 4/22",
        "Fri 4/25"
    ],
    "Losses": [
        [
            0.2881756910895244,
            0.0715779878304956,
            0.18266207729586684,
            0.2885948700133109,
            0.11244700997137289,
            0.05629305651414865,
            0.06711440103312692,
            0.20088735511920963,
            0.1828507093616793,
            0.09226910912849963,
            0.08769284392082742,
            0.09077371703920334,
            0.25518260922287106,
            0.05058527814587411
        ],
        [
            0.22135229021563785,
            0.04614807605658215,
            0.11887982957783487,
            0.22715198260839198,
            0.07330058024909818,
            0.034130586203238535,
            0.0319883535852529,
            0.13547264840208065,
            0.1326217650974145,
            0.05128091990347908,
            0.0660660994432821,
            0.06391807927518499,
            0.21162587463737867,
            0.03173498542377924
        ],
        [
            0.18497395018221868,
            0.03984374755117345,
            0.08370648564880494,
            0.1925530446910525,
            0.055128448567677825,
            0.028607966897399972,
            0.016223238698160707,
            0.09652892039689669,
            0.10488243954724538,
            0.029772593447706112,
            0.05883942143794096,
            0.052676852238038224,
            0.18715482829708874,
            0.025470704608829598
        ],
        [
            0.16573798157266553,
            0.04240632365138438,
            0.06464857832181295,
            0.1730782181763267,
            0.047834929220026697,
            0.03083387255047619,
            0.010435102045038447,
            0.07299053102668197,
            0.08967038836249855,
            0.018825548811043997,
            0.058551440384966874,
            0.049318845530263666,
            0.17336529936586384,
            0.025278202226749397
        ],
        [
            0.15582182755478538,
            0.04858091180349691,
            0.054442933141911974,
            0.16207605651167667,
            0.04600391660945077,
            0.03625191151926122,
            0.009583383473251845,
            0.058427180445372935,
            0.08137998274033167,
            0.013561259164485978,
            0.06137090564792141,
            0.04975230902079921,
            0.1655793169222939,
            0.02783216771912659
        ],
        [
            0.15091824391398706,
            0.055853370546279826,
            0.04908211904932575,
            0.1558834126658533,
            0.04683204387890856,
            0.04265627254775682,
            0.011058318662347582,
            0.04918618515991968,
            0.07693315585925314,
            0.01135548989499179,
            0.06539310614058536,
            0.051874167719954074,
            0.16121258880590314,
            0.03147327025444208
        ],
        [
            0.14869204263195848,
            0.063077119278927,
            0.04637447446393845,
            0.15246923177713415,
            0.048876809781765625,
            0.0490253792233301,
            0.013524230380399124,
            0.04317500377546568,
            0.07463364294930859,
            0.010787799272763658,
            0.06969196513195212,
            0.05461959143387115,
            0.15882001851188415,
            0.035386849752012076
        ]
    ],
    "Prediction": [
        49.702546703737596,
        35.26181351084301,
        79.13860260037005,
        49.28895237175193,
        18.994819568381104,
        117.74074908279341
    ],
    "Cell_State": [
        6.325961410964521e-06,
        1.8994885519222878e-05,
        0.00010287964651934112,
        0.000283156479837804,
        0.0003861833604331794,
        0.00038628104247076295
    ],
    "Hidden_State": [
        2.733757943976234e-08,
        3.729382630143774e-08,
        6.938893903907228e-18,
        7.282759624527291e-09,
        -9.444528492608129e-14,
        3.469446951953614e-17
    ],
    "Parameters": {
        "VQC_1": [
            [
                [
                    2.7171376260071156e-11,
                    7.35378424820965e-12,
                    1.8738344209623392e-12
                ]
            ],
            [
                [
                    4.698463840213662e-13,
                    1.1735057370287905e-13,
                    2.964295475749168e-14
                ]
            ],
            [
                [
                    7.549516567451064e-15,
                    1.2212453270876722e-15,
                    5.551115123125783e-16
                ]
            ],
            [
                [
                    2.220446049250313e-16,
                    0.0,
                    0.0
                ]
            ],
            [
                [
                    0.0,
                    0.0,
                    0.0
                ]
            ],
            [
                [
                    0.0,
                    0.0,
                    0.0
                ]
            ],
            [
                [
                    0.0,
                    -1.787459069646502e-14,
                    9.992007221626409e-16
                ]
            ],
            [
                [
                    8.881784197001252e-16,
                    -1.1246559239452836e-13,
                    8.548717289613705e-15
                ]
            ],
            [
                [
                    2.1094237467877974e-15,
                    4.38783454015379e-11,
                    -3.115840918610502e-12
                ]
            ],
            [
                [
                    -7.778222510523847e-13,
                    1.321438514167994e-10,
                    -9.021672298104022e-12
                ]
            ],
            [
                [
                    -2.2420953982305036e-12,
                    1.4609757847949822e-10,
                    -1.0842104991581891e-11
                ]
            ],
            [
                [
                    -2.677746913093415e-12,
                    1.1343859185330984e-10,
                    -8.546385821261993e-12
                ]
            ]
        ],