{
    "Training_Minutes": 22.366666666666788,
    "Epoch_Iterations": 2,
    "Epoch_Dates": [
        "Fri 10/4",
        "Fri 10/11",
        "Sun 10/13",
        "Wed 10/16",
        "Thu 10/17",
        "Tue 10/22",
        "Thu 10/24",
        "Sat 10/26",
        "Tue 10/29",
        "Fri 11/1",
        "Sat 11/2",
        "Mon 11/4",
        "Thu 11/7",
        "Fri 11/8",
        "Sun 11/10",
        "Tue 11/12",
        "Wed 11/13",
        "Fri 11/15",
        "Sun 11/17",
        "Thu 11/21",
        "Sun 11/24",
        "Tue 11/26",
        "Wed 11/27",
        "Fri 11/29",
        "Mon 12/2",
        "Wed 12/4",
        "Fri 12/6",
        "Sun 12/8",
        "Fri 12/13",
        "Sun 12/15",
        "Thu 12/19",
        "Sat 12/21",
        "Mon 12/23",
        "Wed 12/25",
        "Fri 12/27",
        "Sun 12/29",
        "Tue 12/31",
        "Thu 1/2",
        "Sat 1/4",
        "Mon 1/6",
        "Tue 1/7",
        "Thu 1/9",
        "Sat 1/11",
        "Mon 1/13",
        "Wed 1/15",
        "Fri 1/17",
        "Sat 1/18",
        "Mon 1/20",
        "Wed 1/22",
        "Sat 1/25",
        "Mon 1/27",
        "Wed 1/29",
        "Thu 1/30",
        "Sat 2/1",
        "Mon 2/3",
        "Wed 2/5",
        "Thu 2/6",
        "Sat 2/8",
        "Mon 2/10",
        "Wed 2/12",
        "Thu 2/13",
        "Fri 2/21",
        "Sun 2/23",
        "Mon 2/24",
        "Thu 2/27",
        "Fri 2/28",
        "Sun 3/2",
        "Tue 3/4",
        "Wed 3/5",
        "Fri 3/7",
        "Sun 3/9",
        "Wed 3/12",
        "Fri 3/14",
        "Sun 3/16",
        "Mon 3/17",
        "Wed 3/19",
        "Fri 3/21",
        "Mon 3/24",
        "Fri 3/28",
        "Sun 3/30"
    ],
    "Losses": [
        [
            0.11573932725816809,
            0.20975278673124015,
            0.2279648434324034,
            0.09899676133504666,
            0.1012178334569239,
            0.1524253876791485,
            0.059208353370875016,
            0.022397944279824368,
            0.08174053385082723,
            0.14390629042050013,
            0.02388069378660954,
            0.23130853210240765,
            0.06597861333612803,
            0.19187953524138673,
            0.2504224966544835,
            0.12125161269689819,
            0.10037585279695972,
            0.04889905132084733,
            0.0799407146888588,
            0.11361911588404584,
            0.11465309732249097,
            0.07454816154684761,
            0.09551386704966346,
            0.03194659038773107,
            0.10760966159611306,
            0.08830185403808619,
            0.015990683282151478,
            0.06192811575777528,
            0.04901161263401008,
            0.023694105128378586,
            0.024186952603183258,
            0.12644567715442903,
            0.054039926680682304,
            0.07032975969565529,
            0.15682352028210103,
            0.07814336479125554,
            0.09075988562385877,
            0.03711624132089831,
            0.08061226924691922,
            0.05488057494272712,
            0.05268596377442203,
            0.03465776788635428,
            0.0421287551268013,
            0.04637841805619956,
            0.05700540218236589,
            0.14582324337077474,
            0.0353712858897875,
            0.017826415575142314,
            0.10677611334493427,
            0.07302191634218136,
            0.0557812385546015,
            0.14185500848991478,
            0.01149043498000945,
            0.12580602314501577,
            0.13960667375575062,
            0.04233548541179437,
            0.05212355049108257,
            0.02654304170497488,
            0.11726294242202849,
            0.09491204615507863,
            0.02745785573695294,
            0.029421324461336867,
            0.052117863884213106,
            0.034774907366596663,
            0.11424500468791152,
            0.07560196165312229,
            0.07254946232829765,
            0.10457753017449781,
            0.12409937756002343,
            0.10914951835192482,
            0.04688968653352391,
            0.0654538098116142,
            0.07263142818238214,
            0.04044286763844542,
            0.028476988749519157,
            0.1269430273125317,
            0.11391889044778225,
            0.06578649404028061,
            0.22041759128922936
        ],
        [
            0.03157323171741415,
            0.07349657872858488,
            0.011383707385317278,
            0.17339592066941045,
            0.05609171428036458,
            0.03299928995007476,
            0.050834160226326024,
            0.16950854124693998,
            0.06628528713838527,
            0.12094139244957605,
            0.13211363635778817,
            0.07050772937678346,
            0.11650705112970833,
            0.20467656413576352,
            0.2600093445846485,
            0.08229703361595712,
            0.04371815571042423,
            0.1279421841684004,
            0.12318965561126147,
            0.10824831718484143,
            0.03980345052712292,
            0.11951814680247849,
            0.20569379942597849,
            0.10512365046601002,
            0.26919626094958315,
            0.09758007689117808,
            0.11608324069238748,
            0.18073499833335027,
            0.06066966336019846,
            0.1890204107875315,
            0.1265263763174752,
            0.18398279568416195,
            0.10032522138958451,
            0.31983401695257613,
            0.12936337758483188,
            0.09647435241987004,
            0.12920987815097457,
            0.12521347366751442,
            0.25358424383590805,
            0.19849166317801276,
            0.10244758532037004,
            0.16684792655583636,
            0.16317867160972846,
            0.12350817260473186,
            0.22743278811566925,
            0.14330506511148955,
            0.1226051687223001,
            0.10255847941023226,
            0.24942141831968387,
            0.2274440010113055,
            0.13891613770548597,
            0.25446056642778475,
            0.08303731651979888,
            0.06746934690503269,
            0.20718518249653803,
            0.09378393164709564,
            0.19083062475046234,
            0.13364796044639862,
            0.13078332881938962,
            0.06900090820843001,
            0.06093104282754793,
            0.0701430421189335,
            0.07860629263793072,
            0.10515186145451616,
            0.27822786812412964,
            0.19928425428023686,
            0.18288420222456214,
            0.18316285177036562,
            0.2818270437631991,
            0.19506741808557868,
            0.18710938171875913,
            0.21972151796647937,
            0.188507797287117,
            0.13315796151969866,
            0.1399058344243766,
            0.24229783389872359,
            0.23812551767426315,
            0.2074109051716985,
            0.2911830916479596
        ]
    ],
    "Prediction": [
        36.417757597750935,
        12.48526398150851,
        99.10140110140225,
        47.154439614598196,
        17.27805392965744,
        125.92179123662042
    ],
    "Cell_State": [
        -0.0014304711625832726,
        -0.0046629246156873775,
        -0.008920526411900784,
        -0.009043539152433331,
        -0.008942802955730097,
        -0.004047274944183441
    ],
    "Hidden_State": [
        2.0218386637380764e-05,
        9.048427307933177e-06,
        2.926363318334069e-11,
        2.0168001532622215e-05,
        2.1043445749824308e-08,
        1.5088583160682845e-11
    ],