{
    "Training_Minutes": 0,
    "Epoch_Iterations": 7,
    "Epoch_Dates": [
        "Wed 3/19",
        "Fri 3/21",
        "Mon 3/24",
        "Fri 3/28",
        "Sun 3/30",
        "Tue 4/1",
        "Thu 4/3",
        "Sat 4/5",
        "Tue 4/8",
        "Thu 4/10",
        "Fri 4/11",
        "Sun 4/13",
        "Sat 4/19",
        "Tue 4/22",
        "Fri 4/25"
    ],
    "Losses": [
        [
            0.2881756910895255,
            0.07156705732555119,
            0.1825492210262602,
            0.28851963202251535,
            0.11224205084997405,
            0.05610673731750586,
            0.06671810206799135,
            0.2000368409309826,
            0.1818115216953964,
            0.09130841168004056,
            0.08693231045540446,
            0.08975793850840717,
            0.25364477734795415,
            0.04959892905736805
        ],
        [
            0.21906496254746624,
            0.045561509923557744,
            0.11610496822471812,
            0.22428922469129753,
            0.0712860874248165,
            0.03321546352415925,
            0.02988746933248161,
            0.1306673606776425,
            0.12835465385938616,
            0.047801828115466474,
            0.06433303047788266,
            0.06153406567302978,
            0.20715695378907212,
            0.030088809821272017
        ],
        [
            0.18002698268672915,
            0.04000368484438296,
            0.07826094313396595,
            0.18682609771200617,
            0.052252242016364775,
            0.028723423930704615,
            0.013729289352834672,
            0.08808425498359913,
            0.09841596237794101,
            0.024959826005135695,
            0.05799103600828256,
            0.05078454120129691,
            0.18096887028063327,
            0.025019307300106822
        ],
        [
            0.15995029253542567,
            0.045419349222434284,
            0.058340333571768835,
            0.1659148253163427,
            0.0458720450457526,
            0.03409823425134561,
            0.009458527058247313,
            0.062487707655940326,
            0.0828453076135996,
            0.014364024383867649,
            0.060446901341720316,
            0.049864405602776544,
            0.1670647778898906,
            0.02768833685497004
        ],
        [
            0.1511361821178177,
            0.056058492946769393,
            0.049097105461672244,
            0.1549012978968374,
            0.046396638448466095,
            0.04420249355483609,
            0.011617326019378446,
            0.04739155810724859,
            0.07575929184290989,
            0.010785399749026965,
            0.06729139523107909,
            0.054129432471467696,
            0.16043180983808822,
            0.03419800144912457
        ],
        [
            0.14878402294221604,
            0.06873994604777899,
            0.04603786053251188,
            0.14973706371754145,
            0.05049893497212783,
            0.05617577279707351,
            0.01703432983205096,
            0.038747468666221564,
            0.07358697438182885,
            0.01112903389189782,
            0.07605724370429016,
            0.06090450361094706,
            0.1580515800536521,
            0.042380608957622384
        ],
        [
            0.15002445436040335,
            0.08179480830072249,
            0.046471388197094565,
            0.14800942539643436,
            0.05630746248670931,
            0.06849786738460359,
            0.02392131419385911,
            0.03407119548924351,
            0.07420291976224797,
            0.013591622997537838,
            0.08540569388270937,
            0.06868949698352254,
            0.15812369532459503,
            0.05106147419596143
        ]
    ],
    "Prediction": [
        49.678739228325604,
        32.36893125689453,
        83.47400365742979,
        49.18578174208906,
        18.047803495655895,
        119.51751770865415
    ],
    "Cell_State": [
        -1.648586394213072e-05,
        -2.0909631865942777e-05,
        3.470113216273025e-05,
        8.912328999642773e-05,
        0.00012389709572243484,
        0.00014520379890772705
    ],
    "Hidden_State": [
        2.76052915595959e-09,
        4.497582242399267e-09,
        0.0,
        7.731697088120271e-10,
        1.317002062961592e-14,
        1.3877787807814457e-17
    ],
    "Parameters": {
        "VQC_1": [
            [
                [
                    1.3907097695664561e-11,
                    2.801758824944045e-12,
                    6.588063428125679e-13
                ]
            ],
            [
                [
                    1.6253665080512292e-13,
                    4.063416270128073e-14,
                    9.769962616701378e-15
                ]
            ],
            [
                [
                    2.220446049250313e-15,
                    8.881784197001252e-16,
                    0.0
                ]
            ],
            [
                [
                    0.0,
                    0.0,
                    0.0
                ]
            ],
            [
                [
                    0.0,
                    0.0,
                    0.0
                ]
            ],
            [
                [
                    0.0,
                    0.0,
                    0.0
                ]
            ],
            [
                [
                    0.0,
                    -3.1530333899354446e-14,
                    1.7763568394002505e-15
                ]
            ],
            [
                [
                    6.661338147750939e-16,
                    -1.5187850976872141e-13,
                    1.0880185641326534e-14
                ]
            ],
            [
                [
                    3.774758283725532e-15,
                    2.7997604234997198e-11,
                    -1.871613974913089e-12
                ]
            ],
            [
                [
                    -4.68292071786891e-13,
                    4.693156974155954e-11,
                    -2.7555735471196385e-12
                ]
            ],
            [
                [
                    -6.892264536872972e-13,
                    -8.491074510175167e-11,
                    5.082823051338892e-12
                ]
            ],
            [
                [
                    1.2656542480726785e-12,
                    -1.0326606236787939e-10,
                    6.269873509268109e-12
                ]
            ]
        ],