{
    "Training_Minutes": 12.716666666666697,
    "Epoch_Iterations": 5,
    "Epoch_Dates": [
        "Fri 10/4",
        "Fri 10/11",
        "Sun 10/13",
        "Wed 10/16",
        "Thu 10/17",
        "Tue 10/22",
        "Thu 10/24",
        "Sat 10/26",
        "Tue 10/29",
        "Fri 11/1",
        "Sat 11/2",
        "Mon 11/4",
        "Thu 11/7",
        "Fri 11/8",
        "Sun 11/10"
    ],
    "Losses": [
        [
            0.11573932725816809,
            0.20975278673124015,
            0.2279648434324034,
            0.09899676133504666,
            0.1012178334569239,
            0.1524253876791485,
            0.059208353370875016,
            0.022397944279824368,
            0.08174053385082723,
            0.14390629042050013,
            0.02388069378660954,
            0.23130853210240765,
            0.06597861333612803,
            0.19187953524138673
        ],
        [
            0.054106303276877356,
            0.14137388717551472,
            0.13649847351048697,
            0.07363790082649546,
            0.05351180538355528,
            0.08296402592353853,
            0.01796664817815067,
            0.01598125215398395,
            0.036035038625273394,
            0.10308894249130793,
            0.013001957812799513,
            0.150715529066697,
            0.039602554251374225,
            0.15579076251938623
        ],
        [
            0.019592317086450588,
            0.10022040132044265,
            0.07454840571360026,
            0.07226292712495545,
            0.03124501628793645,
            0.04138565917882701,
            0.001909571327912942,
            0.031728801518816116,
            0.01631367421644434,
            0.08564401473292371,
            0.024020047485050076,
            0.0993019799826031,
            0.036401169713953956,
            0.14429195431622738
        ],
        [
            0.007467581382931719,
            0.0814224006780835,
            0.03817979272015327,
            0.08804833630149587,
            0.028250595551909688,
            0.022394446567805645,
            0.0046108981957694965,
            0.06208735310029979,
            0.016302031639909526,
            0.08454970823568138,
            0.04942569071568989,
            0.07133086397459301,
            0.049274413329593446,
            0.15062550796045845
        ],
        [
            0.010612523147465717,
            0.07788000365646246,
            0.02071714867309934,
            0.11343488457486413,
            0.037255581693542705,
            0.018988777932996494,
            0.018899984103582606,
            0.09964930241467475,
            0.028956936001411696,
            0.09286682854338693,
            0.08215122650093888,
            0.05994951074554831,
            0.0714976965890915,
            0.16824407866018934
        ]
    ],
    "Prediction": [
        44.13502947539632,
        29.373528396099747,
        88.64766929788792,
        47.13265435927404,
        21.273913821704625,
        119.66944941867219
    ],
    "Cell_State": [
        -8.822708657963996e-05,
        -0.00015647057696047348,
        2.0930707432831727e-05,
        -2.6106584184914925e-06,
        2.058746453056395e-05,
        9.20738171240779e-05
    ],
    "Hidden_State": [
        -1.3436703139024786e-11,
        4.738916134505722e-10,
        1.3877787807814457e-17,
        -1.3660766962075854e-11,
        3.7636560534792807e-14,
        -5.551115123125783e-17
    ],
    "Parameters": {
        "VQC_1": [
            [
                [
                    7.998268714004553e-12,
                    8.959499808725013e-13,
                    4.221067939624845e-13
                ]
            ],
            [
                [
                    1.0391687510491465e-13,
                    -6.2518878962691815e-12,
                    3.785860513971784e-13
                ]
            ],
            [
                [
                    9.281464485866309e-14,
                    -1.0200973399321356e-10,
                    6.221911874604302e-12
                ]
            ],
            [
                [
                    1.5270007480694403e-12,
                    -1.5054202329167765e-10,
                    9.434897307869505e-12
                ]
            ],
            [
                [
                    2.333688797762079e-12,
                    -2.3245982916364483e-10,
                    1.4779288903810084e-11
                ]
            ],
            [
                [
                    3.668398917966442e-12,
                    -8.490541603123347e-11,
                    6.153300091682468e-12
                ]
            ],
            [
                [
                    1.5332179970073412e-12,
                    -5.551115123125783e-15,
                    1.2456702336294256e-13
                ]
            ],
            [
                [
                    0.0,
                    -3.511413382284445e-12,
                    2.653433028854124e-13
                ]
            ],
            [
                [
                    6.616929226765933e-14,
                    -3.9535041906901824e-11,
                    3.035127704720253e-12
                ]
            ],
            [
                [
                    7.502887200416808e-13,
                    -1.4717138618891568e-10,
                    9.203748874142548e-12
                ]
            ],
            [
                [
                    2.2797319587652964e-12,
                    -2.481448380109441e-10,
                    1.52371448791655e-11
                ]
            ],
            [
                [
                    3.788303004625959e-12,
                    -1.3021606015684029e-10,
                    7.906564292170515e-12
                ]
            ]
        ],