{
    "Training_Minutes": 1.9833333333333485,
    "Epoch_Iterations": 1,
    "Epoch_Dates": [
        "Fri 10/4",
        "Fri 10/11",
        "Sun 10/13",
        "Wed 10/16",
        "Thu 10/17",
        "Tue 10/22",
        "Thu 10/24",
        "Sat 10/26",
        "Tue 10/29",
        "Fri 11/1",
        "Sat 11/2",
        "Mon 11/4",
        "Thu 11/7",
        "Fri 11/8",
        "Sun 11/10"
    ],
    "Losses": [
        [
            0.11573932725816809,
            0.20975278673124015,
            0.2279648434324034,
            0.09899676133504666,
            0.1012178334569239,
            0.1524253876791485,
            0.059208353370875016,
            0.022397944279824368,
            0.08174053385082723,
            0.14390629042050013,
            0.02388069378660954,
            0.23130853210240765,
            0.06597861333612803,
            0.19187953524138673
        ]
    ],
    "Prediction": [
        48.821930191350354,
        45.62763016562007,
        60.10655751180506,
        49.42502375735157,
        23.4500649042144,
        111.94954480179548
    ],
    "Cell_State": [
        1.565542730561944e-06,
        1.7184534294350564e-05,
        0.00011793463058320878,
        0.00011048407231048203,
        0.00010972548165394119,
        6.164588112483355e-05
    ],
    "Hidden_State": [
        3.0307294660025796e-09,
        1.6910309992568262e-09,
        -2.7755575615628914e-17,
        3.257474526230375e-09,
        -1.5612511283791264e-14,
        -6.938893903907228e-17
    ],
    "Parameters": {
        "VQC_1": [
            [
                [
                    0.0,
                    0.0,
                    0.0
                ]
            ],
            [
                [
                    0.0,
                    0.0,
                    0.0
                ]
            ],
            [
                [
                    0.0,
                    2.374545005068285e-12,
                    0.0
                ]
            ],
            [
                [
                    0.0,
                    2.8475000135586015e-12,
                    0.0
                ]
            ],
            [
                [
                    0.0,
                    4.22262225185932e-12,
                    0.0
                ]
            ],
            [
                [
                    0.0,
                    1.1906031716080179e-12,
                    0.0
                ]
            ],
            [
                [
                    0.0,
                    0.0,
                    0.0
                ]
            ],
            [
                [
                    0.0,
                    0.0,
                    0.0
                ]
            ],
            [
                [
                    0.0,
                    1.2332357357536239e-12,
                    0.0
                ]
            ],
            [
                [
                    0.0,
                    2.0869972416903693e-12,
                    0.0
                ]
            ],
            [
                [
                    0.0,
                    3.723688024592775e-12,
                    0.0
                ]
            ],
            [
                [
                    0.0,
                    1.8611778784816124e-12,
                    0.0
                ]
            ]
        ],
        "VQC_2": [
            [
                [
                    0.0,
                    0.0,
                    0.0
                ]
            ],
            [
                [
                    0.0,
                    0.0,
                    0.0
                ]
            ],
            [
                [
                    0.0,
                    2.816191724264172e-12,
                    0.0
                ]
            ],
            [
                [
                    0.0,
                    3.213651567079978e-12,
                    0.0
                ]
            ],
            [
                [
                    0.0,
                    4.744649118038069e-12,
                    0.0
                ]
            ],
            [
                [
                    0.0,
                    1.1453060722033115e-12,
                    0.0
                ]
            ],
            [
                [
                    0.0,
                    0.0,
                    0.0
                ]
            ],
            [
                [
                    0.0,
                    0.0,
                    0.0
                ]
            ],
            [
                [
                    0.0,
                    1.268984917146554e-12,
                    0.0
                ]
            ],
            [
                [
                    0.0,
                    2.291056233616473e-12,
                    0.0
                ]
            ],
            [
                [
                    0.0,
                    4.147349130789735e-12,
                    0.0
                ]
            ],
            [
                [
                    0.0,
                    2.0532464617417645e-12,
                    0.0
                ]
            ]
        ],
        "VQC_3": [
            [
                [
                    0.0,
                    -1.1146373033454893e-06,
                    -8.221758474036278e-08
                ]
            ],
            [
                [
                    -5.1137007961443715e-09,
                    -1.4978658486208829e-05,
                    -1.136066706264316e-06
                ]
            ],
            [
                [
                    -7.077960684220841e-08,
                    -0.0001058077076103725,
                    -8.056223408159369e-06
                ]
            ],
            [
                [
                    -5.038769765874918e-07,
                    -8.652379208551331e-05,
                    -7.053655013633531e-06
                ]
            ],
            [
                [
                    -4.419673957922754e-07,
                    -7.630408643199971e-05,
                    -6.165279450076611e-06
                ]
            ],
            [
                [
                    -3.863795703384909e-07,
                    -2.601262364376744e-05,
                    -3.3723007628605473e-06
                ]
            ],
            [
                [
                    -2.121628299711631e-07,
                    -1.0028777741588613e-06,
                    -6.97038309294129e-08
                ]
            ],
            [
                [
                    -4.376786710835745e-09,
                    -5.763040975770295e-06,
                    -3.8681992187150627e-07
                ]
            ],
            [
                [
                    -2.4165095258155134e-08,
                    -3.463805159897859e-05,
                    -2.322129191600908e-06
                ]
            ],
            [
                [
                    -1.462023593301609e-07,
                    -6.052788190968883e-05,
                    -4.5411639180148455e-06
                ]
            ],
            [
                [
                    -2.852225153837651e-07,
                    -7.12698022848901e-05,
                    -5.515749950557591e-06
                ]
            ],
            [
                [
                    -3.4587989983236866e-07,
                    -5.5831393249716754e-05,
                    -6.122709999223375e-06
                ]
            ]
        ],