{
    "Training_Minutes": 9.0,
    "Epoch_Iterations": 1,
    "Epoch_Dates": [
        "Fri 10/4",
        "Fri 10/11",
        "Sun 10/13",
        "Wed 10/16",
        "Thu 10/17",
        "Tue 10/22",
        "Thu 10/24",
        "Sat 10/26",
        "Tue 10/29",
        "Fri 11/1",
        "Sat 11/2",
        "Mon 11/4",
        "Thu 11/7",
        "Fri 11/8",
        "Sun 11/10",
        "Tue 11/12",
        "Wed 11/13",
        "Fri 11/15",
        "Sun 11/17",
        "Thu 11/21",
        "Sun 11/24",
        "Tue 11/26",
        "Wed 11/27",
        "Fri 11/29",
        "Mon 12/2",
        "Wed 12/4",
        "Fri 12/6",
        "Sun 12/8",
        "Fri 12/13",
        "Sun 12/15",
        "Thu 12/19",
        "Sat 12/21",
        "Mon 12/23",
        "Wed 12/25",
        "Fri 12/27",
        "Sun 12/29",
        "Tue 12/31",
        "Thu 1/2",
        "Sat 1/4",
        "Mon 1/6",
        "Tue 1/7",
        "Thu 1/9",
        "Sat 1/11",
        "Mon 1/13",
        "Wed 1/15",
        "Fri 1/17",
        "Sat 1/18",
        "Mon 1/20",
        "Wed 1/22",
        "Sat 1/25"
    ],
    "Losses": [
        [
            0.10417668762260975,
            0.1774354248145394,
            0.1723020092011643,
            0.07960068928406627,
            0.059541949099526446,
            0.08720129220753804,
            0.016245106402004744,
            0.020571566527481735,
            0.030159911941205386,
            0.08446388637218591,
            0.01636741618014497,
            0.1065010099362489,
            0.03794297338171439,
            0.1441948071193272,
            0.17069816014894731,
            0.05031403789207018,
            0.025559296331150023,
            0.045124001226962286,
            0.04564207401365006,
            0.09689732271044625,
            0.035276178958920094,
            0.04838049867773465,
            0.11759421228570562,
            0.04674299002077983,
            0.16583731536139504,
            0.04488590456970894,
            0.07762654704721841,
            0.1030630711135816,
            0.03972196832301034,
            0.14584155203842894,
            0.11005542265595347,
            0.0894815305091134,
            0.11397927533949892,
            0.29982964648579125,
            0.1764806928975458,
            0.05894720369156771,
            0.1501894889371769,
            0.08827581700692484,
            0.26919331069176716,
            0.1825056374659314,
            0.11865618412251852,
            0.17563120844304103,
            0.16354732416519518,
            0.15559170837110936,
            0.25420733984690325,
            0.18066434437018145,
            0.12777411842598954,
            0.10811257509682805,
            0.2632590558560912
        ]
    ],
    "Prediction": [
        35.481499577965636,
        14.462467808348817,
        98.77553369548443,
        46.99066657340293,
        20.943885628964356,
        115.02670778147542
    ],
    "Cell_State": [
        -0.0010983865220762857,
        -0.004021676144729751,
        -0.007450729144254435,
        -0.007825583227483755,
        -0.007348807362647735,
        -0.003461335585084235
    ],
    "Hidden_State": [
        1.4377043132726003e-05,
        6.359138695795352e-06,
        1.3664930298418199e-11,
        1.45764294335049e-05,
        1.2964513018687285e-08,
        7.022715742266428e-12
    ],
    "Parameters": {
        "VQC_1": [
            [
                [
                    1.3882824889677181e-08,
                    5.336080466378235e-10,
                    7.210907426724589e-10
                ]
            ],
            [
                [
                    1.7637091787037207e-10,
                    -1.0490208435243176e-07,
                    6.225668425230424e-09
                ]
            ],
            [
                [
                    0.0,
                    -8.38518128043475e-07,
                    4.912417472802133e-08
                ]
            ],
            [
                [
                    1.2108580360603582e-08,
                    -1.159952715212853e-06,
                    7.09913836605125e-08
                ]
            ],
            [
                [
                    1.7540646046754205e-08,
                    -1.0461573791697987e-06,
                    6.641165017917672e-08
                ]
            ],
            [
                [
                    1.642617197816776e-08,
                    -1.8282113534162647e-07,
                    1.379135250445529e-08
                ]
            ],
            [
                [
                    0.0,
                    2.2486201789462257e-09,
                    0.0
                ]
            ],
            [
                [
                    0.0,
                    -5.8246277800932944e-08,
                    4.572235035027461e-09
                ]
            ],
            [
                [
                    0.0,
                    -4.503660062660231e-07,
                    3.3260329379558584e-08
                ]
            ],
            [
                [
                    8.235191195637981e-09,
                    -9.287407647384782e-07,
                    6.271784114275647e-08
                ]
            ],
            [
                [
                    1.5515764673068588e-08,
                    -1.0046486600412408e-06,
                    6.488495563061747e-08
                ]
            ],
            [
                [
                    1.6051622253598907e-08,
                    -2.6177708867258787e-07,
                    1.6765910659799488e-08
                ]
            ]
        ],