{
    "Training_Minutes": 10.050000000000068,
    "Epoch_Iterations": 4,
    "Epoch_Dates": [
        "Fri 10/4",
        "Fri 10/11",
        "Sun 10/13",
        "Wed 10/16",
        "Thu 10/17",
        "Tue 10/22",
        "Thu 10/24",
        "Sat 10/26",
        "Tue 10/29",
        "Fri 11/1",
        "Sat 11/2",
        "Mon 11/4",
        "Thu 11/7",
        "Fri 11/8",
        "Sun 11/10"
    ],
    "Losses": [
        [
            0.11573932725816809,
            0.20975278673124015,
            0.2279648434324034,
            0.09899676133504666,
            0.1012178334569239,
            0.1524253876791485,
            0.059208353370875016,
            0.022397944279824368,
            0.08174053385082723,
            0.14390629042050013,
            0.02388069378660954,
            0.23130853210240765,
            0.06597861333612803,
            0.19187953524138673
        ],
        [
            0.054106303276877356,
            0.14137388717551472,
            0.13649847351048697,
            0.07363790082649546,
            0.05351180538355528,
            0.08296402592353853,
            0.01796664817815067,
            0.01598125215398395,
            0.036035038625273394,
            0.10308894249130793,
            0.013001957812799513,
            0.150715529066697,
            0.039602554251374225,
            0.15579076251938623
        ],
        [
            0.019592317086450588,
            0.10022040132044265,
            0.07454840571360026,
            0.07226292712495545,
            0.03124501628793645,
            0.04138565917882701,
            0.001909571327912942,
            0.031728801518816116,
            0.01631367421644434,
            0.08564401473292371,
            0.024020047485050076,
            0.0993019799826031,
            0.036401169713953956,
            0.14429195431622738
        ],
        [
            0.007467581382931719,
            0.0814224006780835,
            0.03817979272015327,
            0.08804833630149587,
            0.028250595551909688,
            0.022394446567805645,
            0.0046108981957694965,
            0.06208735310029979,
            0.016302031639909526,
            0.08454970823568138,
            0.04942569071568989,
            0.07133086397459301,
            0.049274413329593446,
            0.15062550796045845
        ]
    ],
    "Prediction": [
        45.30037110279791,
        33.142801622367934,
        83.79752134131891,
        47.703779207754025,
        21.811881572272707,
        117.75923385950159
    ],
    "Cell_State": [
        -2.1646423794687937e-05,
        4.412782674169447e-06,
        0.0004054558221188152,
        0.00038675995717724575,
        0.0003981135336666901,
        0.00030085039741565385
    ],
    "Hidden_State": [
        3.849359174121214e-08,
        2.994315279752913e-08,
        -5.551115123125783e-17,
        3.9203517460117965e-08,
        -6.726563750447667e-14,
        1.3877787807814457e-17
    ],
    "Parameters": {
        "VQC_1": [
            [
                [
                    -6.325384660499367e-12,
                    -1.8471890683713355e-12,
                    -4.476419235288631e-13
                ]
            ],
            [
                [
                    -1.127986593019159e-13,
                    -1.2163603457793215e-12,
                    6.350475700855895e-14
                ]
            ],
            [
                [
                    1.532107773982716e-14,
                    1.0871792355260368e-10,
                    -5.929035040708186e-12
                ]
            ],
            [
                [
                    -1.4710455076283324e-12,
                    4.546407694761001e-11,
                    -2.6552093856935244e-12
                ]
            ],
            [
                [
                    -6.536993168992922e-13,
                    -2.8141711183593543e-11,
                    1.823430295644357e-12
                ]
            ],
            [
                [
                    4.649614027130156e-13,
                    5.74651437545981e-13,
                    7.327471962526033e-15
                ]
            ],
            [
                [
                    7.771561172376096e-15,
                    -3.930189507173054e-14,
                    3.774758283725532e-15
                ]
            ],
            [
                [
                    0.0,
                    -7.738254481637341e-13,
                    5.440092820663267e-14
                ]
            ],
            [
                [
                    1.3988810110276972e-14,
                    7.045208860745333e-11,
                    -4.988232049640828e-12
                ]
            ],
            [
                [
                    -1.2383427616668996e-12,
                    9.864553618399441e-12,
                    -1.4410694859634532e-12
                ]
            ],
            [
                [
                    -3.539391002504999e-13,
                    -5.5884408212136805e-11,
                    2.736921800305936e-12
                ]
            ],
            [
                [
                    6.95221658020273e-13,
                    -1.0690115459510707e-11,
                    3.985700658404312e-13
                ]
            ]
        ],