{
    "Training_Minutes": 4.383333333333326,
    "Epoch_Iterations": 2,
    "Epoch_Dates": [
        "Fri 10/4",
        "Fri 10/11",
        "Sun 10/13",
        "Wed 10/16",
        "Thu 10/17",
        "Tue 10/22",
        "Thu 10/24",
        "Sat 10/26",
        "Tue 10/29",
        "Fri 11/1",
        "Sat 11/2",
        "Mon 11/4",
        "Thu 11/7",
        "Fri 11/8",
        "Sun 11/10"
    ],
    "Losses": [
        [
            0.11573932725816809,
            0.20975278673124015,
            0.2279648434324034,
            0.09899676133504666,
            0.1012178334569239,
            0.1524253876791485,
            0.059208353370875016,
            0.022397944279824368,
            0.08174053385082723,
            0.14390629042050013,
            0.02388069378660954,
            0.23130853210240765,
            0.06597861333612803,
            0.19187953524138673
        ],
        [
            0.054106303276877356,
            0.14137388717551472,
            0.13649847351048697,
            0.07363790082649546,
            0.05351180538355528,
            0.08296402592353853,
            0.01796664817815067,
            0.01598125215398395,
            0.036035038625273394,
            0.10308894249130793,
            0.013001957812799513,
            0.150715529066697,
            0.039602554251374225,
            0.15579076251938623
        ]
    ],
    "Prediction": [
        47.64510347080162,
        41.32013469317045,
        69.43355526732722,
        48.85038140565645,
        22.901210161528002,
        113.8953105548369
    ],
    "Cell_State": [
        8.501421093901932e-06,
        5.2682866473417086e-05,
        0.00034968968129698224,
        0.0003374496327502294,
        0.00033796250197967574,
        0.00021996085864226084
    ],
    "Hidden_State": [
        2.8511329724228984e-08,
        1.8584630202822527e-08,
        1.3877787807814457e-17,
        2.9500662773740416e-08,
        -5.064559882583808e-13,
        2.7755575615628914e-17
    ],
    "Parameters": {
        "VQC_1": [
            [
                [
                    -6.2370109077392044e-12,
                    -1.5198953207118393e-12,
                    -3.717026686445024e-13
                ]
            ],
            [
                [
                    -9.259260025373806e-14,
                    1.254552017826427e-13,
                    -1.4432899320127035e-14
                ]
            ],
            [
                [
                    -3.552713678800501e-15,
                    9.632428188410813e-11,
                    -5.38813438311081e-12
                ]
            ],
            [
                [
                    -1.3304912727107876e-12,
                    9.18363163293634e-11,
                    -5.484501741648273e-12
                ]
            ],
            [
                [
                    -1.3560264022771662e-12,
                    8.908052073763884e-11,
                    -5.403677505455562e-12
                ]
            ],
            [
                [
                    -1.3373746554634636e-12,
                    3.185940400385334e-11,
                    -2.2222224060897133e-12
                ]
            ],
            [
                [
                    -5.52891066263328e-13,
                    -1.454392162258955e-13,
                    -3.397282455352979e-14
                ]
            ],
            [
                [
                    -8.881784197001252e-15,
                    8.215650382226158e-14,
                    -6.8833827526759706e-15
                ]
            ],
            [
                [
                    -1.3322676295501878e-15,
                    5.278266712593904e-11,
                    -3.739009102332602e-12
                ]
            ],
            [
                [
                    -9.272582701669307e-13,
                    7.049694161764819e-11,
                    -4.730882352532717e-12
                ]
            ],
            [
                [
                    -1.1712852909795402e-12,
                    7.953371294888711e-11,
                    -5.076827847005916e-12
                ]
            ],
            [
                [
                    -1.2561063300609021e-12,
                    4.471645276282743e-11,
                    -2.716049607442983e-12
                ]
            ]
        ],
        "VQC_2": [
            [
                [
                    -6.750155989720952e-13,
                    -1.8762769116165146e-13,
                    -4.0190073491430667e-14
                ]
            ],
            [
                [
                    -1.021405182655144e-14,
                    1.7830181775480014e-13,
                    -1.7319479184152442e-14
                ]
            ],
            [
                [
                    -4.6629367034256575e-15,
                    1.16139320383013e-10,
                    -1.0158984764530032e-11
                ]
            ],
            [
                [
                    -2.48245868306185e-12,
                    1.0775114134276009e-10,
                    -9.454215188497983e-12
                ]
            ],
            [
                [
                    -2.319477943046877e-12,
                    1.0291212326762889e-10,
                    -8.810285834215392e-12
                ]
            ],
            [
                [
                    -2.1671553440683056e-12,
                    3.471556375700402e-11,
                    -3.042011087472929e-12
                ]
            ],
            [
                [
                    -7.547296121401814e-13,
                    -1.965094753586527e-13,
                    -4.618527782440651e-14
                ]
            ],
            [
                [
                    -1.1324274851176597e-14,
                    8.881784197001252e-14,
                    -8.215650382226158e-15
                ]
            ],
            [
                [
                    -2.4424906541753444e-15,
                    5.7174931455961087e-11,
                    -4.8194781498978045e-12
                ]
            ],
            [
                [
                    -1.191935439237568e-12,
                    7.893152798033043e-11,
                    -6.796119222940433e-12
                ]
            ],
            [
                [
                    -1.673328142715036e-12,
                    9.041634108086782e-11,
                    -7.721157047058114e-12
                ]
            ],
            [
                [
                    -1.8989254613188677e-12,
                    5.146771897557301e-11,
                    -4.417799459588423e-12
                ]
            ]
        ],