{
    "Training_Minutes": 23.09999999999991,
    "Epoch_Iterations": 3,
    "Epoch_Dates": [
        "Fri 10/4",
        "Fri 10/11",
        "Sun 10/13",
        "Wed 10/16",
        "Thu 10/17",
        "Tue 10/22",
        "Thu 10/24",
        "Sat 10/26",
        "Tue 10/29",
        "Fri 11/1",
        "Sat 11/2",
        "Mon 11/4",
        "Thu 11/7",
        "Fri 11/8",
        "Sun 11/10",
        "Tue 11/12",
        "Wed 11/13",
        "Fri 11/15",
        "Sun 11/17",
        "Thu 11/21",
        "Sun 11/24",
        "Tue 11/26",
        "Wed 11/27",
        "Fri 11/29",
        "Mon 12/2",
        "Wed 12/4",
        "Fri 12/6",
        "Sun 12/8",
        "Fri 12/13",
        "Sun 12/15",
        "Thu 12/19",
        "Sat 12/21",
        "Mon 12/23",
        "Wed 12/25",
        "Fri 12/27",
        "Sun 12/29",
        "Tue 12/31",
        "Thu 1/2",
        "Sat 1/4",
        "Mon 1/6",
        "Tue 1/7",
        "Thu 1/9",
        "Sat 1/11",
        "Mon 1/13",
        "Wed 1/15",
        "Fri 1/17",
        "Sat 1/18",
        "Mon 1/20",
        "Wed 1/22",
        "Sat 1/25"
    ],
    "Losses": [
        [
            0.11573932725816809,
            0.20975278673124015,
            0.2279648434324034,
            0.09899676133504666,
            0.1012178334569239,
            0.1524253876791485,
            0.059208353370875016,
            0.022397944279824368,
            0.08174053385082723,
            0.14390629042050013,
            0.02388069378660954,
            0.23130853210240765,
            0.06597861333612803,
            0.19187953524138673,
            0.2504224966544835,
            0.12125161269689819,
            0.10037585279695972,
            0.04889905132084733,
            0.0799407146888588,
            0.11361911588404584,
            0.11465309732249097,
            0.07454816154684761,
            0.09551386704966346,
            0.03194659038773107,
            0.10760966159611306,
            0.08830185403808619,
            0.015990683282151478,
            0.06192811575777528,
            0.04901161263401008,
            0.023694105128378586,
            0.024186952603183258,
            0.12644567715442903,
            0.054039926680682304,
            0.07032975969565529,
            0.15682352028210103,
            0.07814336479125554,
            0.09075988562385877,
            0.03711624132089831,
            0.08061226924691922,
            0.05488057494272712,
            0.05268596377442203,
            0.03465776788635428,
            0.0421287551268013,
            0.04637841805619956,
            0.05700540218236589,
            0.14582324337077474,
            0.0353712858897875,
            0.017826415575142314,
            0.10677611334493427
        ],
        [
            0.009770665136944216,
            0.08512000843890898,
            0.03395354098193627,
            0.09561517809758212,
            0.02872719503202211,
            0.027976567732446875,
            0.008102736443454864,
            0.07629659665514398,
            0.02132090764527093,
            0.09271648593951824,
            0.062196427035667086,
            0.08291892073462442,
            0.05574782428748353,
            0.12258506064126129,
            0.17762356214194405,
            0.045455535641628866,
            0.03210973797308125,
            0.07555130325885177,
            0.05227789694477824,
            0.0965248613843794,
            0.023707972398694183,
            0.05018697448192181,
            0.10978908606387075,
            0.04863886326311469,
            0.1623000561909315,
            0.04288428413741783,
            0.05621515765473931,
            0.09647075971115675,
            0.023918965711124868,
            0.11919561113471955,
            0.07933262252892494,
            0.1043159453039887,
            0.06928232950633337,
            0.2371313483942369,
            0.14109750914971309,
            0.04351764750987171,
            0.10591731479510076,
            0.06638600233941752,
            0.19483489905280466,
            0.12946060938590181,
            0.07948618259178722,
            0.11015862665999375,
            0.10321603712059409,
            0.0977326753592231,
            0.16695819111644217,
            0.15599311201355184,
            0.08018483541284051,
            0.046240894636412296,
            0.17487696220659113
        ],
        [
            0.04942882631749639,
            0.10654168148333085,
            0.026642872615997563,
            0.18063453245719335,
            0.07068219476239017,
            0.05656813909331289,
            0.06864076443464127,
            0.195231668496739,
            0.08499226743156835,
            0.13195678009078027,
            0.16838017397882324,
            0.1017334437365098,
            0.136985423884779,
            0.16775832546767208,
            0.23117616516063774,
            0.06242823421319773,
            0.07158832671786548,
            0.15534586564095132,
            0.10678458496147615,
            0.1401679640205361,
            0.03811126703192704,
            0.1074600024692422,
            0.18419711312531573,
            0.11946508061881965,
            0.2566254941850412,
            0.08754186651444487,
            0.13520258553791953,
            0.16451935302472143,
            0.06468858248929907,
            0.20489297565903908,
            0.14322972266100464,
            0.1549066666347812,
            0.1277058793033187,
            0.354215319402515,
            0.1631467105536021,
            0.08849124764619694,
            0.16651028216288918,
            0.12246164858216296,
            0.28193743820922906,
            0.2028803477066762,
            0.1241594929506665,
            0.18991723687014367,
            0.1776080431728257,
            0.15787410006733119,
            0.2649213386113847,
            0.19050987407098163,
            0.13123451902289507,
            0.10446344110076192,
            0.2624472614518547
        ]
    ],
    "Prediction": [
        35.49117406464091,
        14.529108417877994,
        98.71331499252301,
        47.006124529086165,
        20.9552992141127,
        115.01663586592939
    ],
    "Cell_State": [
        -0.0007698679397179423,
        -0.0033871957890347416,
        -0.0068246270861182885,
        -0.006983417898631616,
        -0.0064975651699225815,
        -0.0030674334217389984
    ],
    "Hidden_State": [
        1.134371232463377e-05,
        4.982689632037837e-06,
        6.697128962507293e-12,
        1.1914700591392213e-05,
        8.863423786586999e-09,
        3.2482488920848596e-12
    ],