{
    "Training_Minutes": 0,
    "Epoch_Iterations": 5,
    "Epoch_Dates": [
        "Wed 3/19",
        "Fri 3/21",
        "Mon 3/24",
        "Fri 3/28",
        "Sun 3/30",
        "Tue 4/1",
        "Thu 4/3",
        "Sat 4/5",
        "Tue 4/8",
        "Thu 4/10",
        "Fri 4/11",
        "Sun 4/13",
        "Sat 4/19",
        "Tue 4/22",
        "Fri 4/25"
    ],
    "Losses": [
        [
            0.2881756910895244,
            0.0715779878304956,
            0.18266207729586684,
            0.2885948700133109,
            0.11244700997137289,
            0.05629305651414865,
            0.06711440103312692,
            0.20088735511920963,
            0.1828507093616793,
            0.09226910912849963,
            0.08769284392082742,
            0.09077371703920334,
            0.25518260922287106,
            0.05058527814587411
        ],
        [
            0.22135229021563785,
            0.04614807605658215,
            0.11887982957783487,
            0.22715198260839198,
            0.07330058024909818,
            0.034130586203238535,
            0.0319883535852529,
            0.13547264840208065,
            0.1326217650974145,
            0.05128091990347908,
            0.0660660994432821,
            0.06391807927518499,
            0.21162587463737867,
            0.03173498542377924
        ],
        [
            0.18497395018221868,
            0.03984374755117345,
            0.08370648564880494,
            0.1925530446910525,
            0.055128448567677825,
            0.028607966897399972,
            0.016223238698160707,
            0.09652892039689669,
            0.10488243954724538,
            0.029772593447706112,
            0.05883942143794096,
            0.052676852238038224,
            0.18715482829708874,
            0.025470704608829598
        ],
        [
            0.16573798157266553,
            0.04240632365138438,
            0.06464857832181295,
            0.1730782181763267,
            0.047834929220026697,
            0.03083387255047619,
            0.010435102045038447,
            0.07299053102668197,
            0.08967038836249855,
            0.018825548811043997,
            0.058551440384966874,
            0.049318845530263666,
            0.17336529936586384,
            0.025278202226749397
        ],
        [
            0.15582182755478538,
            0.04858091180349691,
            0.054442933141911974,
            0.16207605651167667,
            0.04600391660945077,
            0.03625191151926122,
            0.009583383473251845,
            0.058427180445372935,
            0.08137998274033167,
            0.013561259164485978,
            0.06137090564792141,
            0.04975230902079921,
            0.1655793169222939,
            0.02783216771912659
        ]
    ],
    "Prediction": [
        49.74317684353337,
        37.25559046700607,
        75.40251607516038,
        49.38618504253486,
        19.669594589741372,
        116.68272800031637
    ],
    "Cell_State": [
        1.5404817354851133e-05,
        3.379052500054792e-05,
        0.00011108925253559753,
        0.00030682940024239896,
        0.0004170618027355426,
        0.00039997904170867494
    ],
    "Hidden_State": [
        3.199170462916956e-08,
        4.170399329692098e-08,
        4.85722573273506e-17,
        8.521362164504165e-09,
        -1.8769014120678662e-13,
        -6.938893903907228e-18
    ],
    "Parameters": {
        "VQC_1": [
            [
                [
                    2.84575696340994e-11,
                    8.704148513061227e-12,
                    2.275735155876646e-12
                ]
            ],
            [
                [
                    5.74651437545981e-13,
                    1.438849039914203e-13,
                    3.630429290524262e-14
                ]
            ],
            [
                [
                    9.2148511043888e-15,
                    1.887379141862766e-15,
                    6.661338147750939e-16
                ]
            ],
            [
                [
                    1.1102230246251565e-16,
                    0.0,
                    0.0
                ]
            ],
            [
                [
                    0.0,
                    0.0,
                    0.0
                ]
            ],
            [
                [
                    0.0,
                    0.0,
                    0.0
                ]
            ],
            [
                [
                    0.0,
                    7.771561172376096e-15,
                    -9.992007221626409e-16
                ]
            ],
            [
                [
                    3.3306690738754696e-16,
                    9.769962616701378e-14,
                    -7.216449660063518e-15
                ]
            ],
            [
                [
                    -1.9984014443252818e-15,
                    2.821753941617544e-11,
                    -2.0293766667123236e-12
                ]
            ],
            [
                [
                    -5.060396546241464e-13,
                    1.2128420490142844e-10,
                    -8.476663815315533e-12
                ]
            ],
            [
                [
                    -2.102429341732659e-12,
                    2.939104515320423e-10,
                    -2.0702883851697607e-11
                ]
            ],
            [
                [
                    -5.132005931329786e-12,
                    2.5154733851451283e-10,
                    -1.7745471758701115e-11
                ]
            ]
        ],