{
    "Training_Minutes": 5.2000000000000455,
    "Epoch_Iterations": 1,
    "Epoch_Dates": [
        "Fri 10/4",
        "Fri 10/11",
        "Sun 10/13",
        "Wed 10/16",
        "Thu 10/17",
        "Tue 10/22",
        "Thu 10/24",
        "Sat 10/26",
        "Tue 10/29",
        "Fri 11/1",
        "Sat 11/2",
        "Mon 11/4",
        "Thu 11/7",
        "Fri 11/8",
        "Sun 11/10",
        "Tue 11/12",
        "Wed 11/13",
        "Fri 11/15",
        "Sun 11/17",
        "Thu 11/21",
        "Sun 11/24",
        "Tue 11/26",
        "Wed 11/27",
        "Fri 11/29",
        "Mon 12/2",
        "Wed 12/4",
        "Fri 12/6",
        "Sun 12/8",
        "Fri 12/13",
        "Sun 12/15",
        "Thu 12/19",
        "Sat 12/21",
        "Mon 12/23",
        "Wed 12/25",
        "Fri 12/27",
        "Sun 12/29",
        "Tue 12/31",
        "Thu 1/2",
        "Sat 1/4",
        "Mon 1/6",
        "Tue 1/7",
        "Thu 1/9",
        "Sat 1/11",
        "Mon 1/13",
        "Wed 1/15",
        "Fri 1/17",
        "Sat 1/18",
        "Mon 1/20",
        "Wed 1/22",
        "Sat 1/25"
    ],
    "Losses": [
        [
            0.11573932725816809,
            0.20975278673124015,
            0.2279648434324034,
            0.09899676133504666,
            0.1012178334569239,
            0.1524253876791485,
            0.059208353370875016,
            0.022397944279824368,
            0.08174053385082723,
            0.14390629042050013,
            0.02388069378660954,
            0.23130853210240765,
            0.06597861333612803,
            0.19187953524138673,
            0.2504224966544835,
            0.12125161269689819,
            0.10037585279695972,
            0.04889905132084733,
            0.0799407146888588,
            0.11361911588404584,
            0.11465309732249097,
            0.07454816154684761,
            0.09551386704966346,
            0.03194659038773107,
            0.10760966159611306,
            0.08830185403808619,
            0.015990683282151478,
            0.06192811575777528,
            0.04901161263401008,
            0.023694105128378586,
            0.024186952603183258,
            0.12644567715442903,
            0.054039926680682304,
            0.07032975969565529,
            0.15682352028210103,
            0.07814336479125554,
            0.09075988562385877,
            0.03711624132089831,
            0.08061226924691922,
            0.05488057494272712,
            0.05268596377442203,
            0.03465776788635428,
            0.0421287551268013,
            0.04637841805619956,
            0.05700540218236589,
            0.14582324337077474,
            0.0353712858897875,
            0.017826415575142314,
            0.10677611334493427
        ]
    ],
    "Prediction": [
        45.037923244023524,
        35.66120066988282,
        80.88740383474726,
        48.99963010745451,
        22.97569183864173,
        111.67507254886517
    ],
    "Cell_State": [
        -1.930821820545847e-05,
        1.499438465344587e-05,
        0.00042057239134820886,
        0.0003982683690083836,
        0.00037628653152995843,
        0.0002725618565207875
    ],
    "Hidden_State": [
        3.7465754238602544e-08,
        2.5640338210258795e-08,
        -2.7755575615628914e-17,
        4.1875168249605466e-08,
        -2.1486978862839123e-13,
        -9.71445146547012e-17
    ],
    "Parameters": {
        "VQC_1": [
            [
                [
                    0.0,
                    0.0,
                    0.0
                ]
            ],
            [
                [
                    0.0,
                    0.0,
                    0.0
                ]
            ],
            [
                [
                    0.0,
                    -1.8726753481246305e-10,
                    0.0
                ]
            ],
            [
                [
                    0.0,
                    -1.5767764871554846e-10,
                    0.0
                ]
            ],
            [
                [
                    0.0,
                    8.830358666500615e-11,
                    0.0
                ]
            ],
            [
                [
                    0.0,
                    2.0319301796689615e-11,
                    0.0
                ]
            ],
            [
                [
                    0.0,
                    0.0,
                    0.0
                ]
            ],
            [
                [
                    0.0,
                    0.0,
                    0.0
                ]
            ],
            [
                [
                    0.0,
                    -1.1843170888425902e-10,
                    0.0
                ]
            ],
            [
                [
                    0.0,
                    -1.2498135859573267e-10,
                    0.0
                ]
            ],
            [
                [
                    0.0,
                    7.622902309378787e-11,
                    0.0
                ]
            ],
            [
                [
                    0.0,
                    1.3408607557607866e-11,
                    0.0
                ]
            ]
        ],
        "VQC_2": [
            [
                [
                    0.0,
                    0.0,
                    0.0
                ]
            ],
            [
                [
                    0.0,
                    0.0,
                    0.0
                ]
            ],
            [
                [
                    0.0,
                    -2.1284018991707399e-10,
                    0.0
                ]
            ],
            [
                [
                    0.0,
                    -1.8019785663625498e-10,
                    0.0
                ]
            ],
            [
                [
                    0.0,
                    1.107867131366902e-10,
                    0.0
                ]
            ],
            [
                [
                    0.0,
                    2.2939428134804984e-11,
                    0.0
                ]
            ],
            [
                [
                    0.0,
                    0.0,
                    0.0
                ]
            ],
            [
                [
                    0.0,
                    0.0,
                    0.0
                ]
            ],
            [
                [
                    0.0,
                    -1.3083401029234665e-10,
                    0.0
                ]
            ],
            [
                [
                    0.0,
                    -1.3939605025825585e-10,
                    0.0
                ]
            ],
            [
                [
                    0.0,
                    9.029421654815906e-11,
                    0.0
                ]
            ],
            [
                [
                    0.0,
                    1.572009189487744e-11,
                    0.0
                ]
            ]
        ],