{
    "Training_Minutes": 0,
    "Epoch_Iterations": 4,
    "Epoch_Dates": [
        "Wed 3/19",
        "Fri 3/21",
        "Mon 3/24",
        "Fri 3/28",
        "Sun 3/30",
        "Tue 4/1",
        "Thu 4/3",
        "Sat 4/5",
        "Tue 4/8",
        "Thu 4/10",
        "Fri 4/11",
        "Sun 4/13",
        "Sat 4/19",
        "Tue 4/22",
        "Fri 4/25"
    ],
    "Losses": [
        [
            0.2881756910895244,
            0.0715779878304956,
            0.18266207729586684,
            0.2885948700133109,
            0.11244700997137289,
            0.05629305651414865,
            0.06711440103312692,
            0.20088735511920963,
            0.1828507093616793,
            0.09226910912849963,
            0.08769284392082742,
            0.09077371703920334,
            0.25518260922287106,
            0.05058527814587411
        ],
        [
            0.22135229021563785,
            0.04614807605658215,
            0.11887982957783487,
            0.22715198260839198,
            0.07330058024909818,
            0.034130586203238535,
            0.0319883535852529,
            0.13547264840208065,
            0.1326217650974145,
            0.05128091990347908,
            0.0660660994432821,
            0.06391807927518499,
            0.21162587463737867,
            0.03173498542377924
        ],
        [
            0.18497395018221868,
            0.03984374755117345,
            0.08370648564880494,
            0.1925530446910525,
            0.055128448567677825,
            0.028607966897399972,
            0.016223238698160707,
            0.09652892039689669,
            0.10488243954724538,
            0.029772593447706112,
            0.05883942143794096,
            0.052676852238038224,
            0.18715482829708874,
            0.025470704608829598
        ],
        [
            0.16573798157266553,
            0.04240632365138438,
            0.06464857832181295,
            0.1730782181763267,
            0.047834929220026697,
            0.03083387255047619,
            0.010435102045038447,
            0.07299053102668197,
            0.08967038836249855,
            0.018825548811043997,
            0.058551440384966874,
            0.049318845530263666,
            0.17336529936586384,
            0.025278202226749397
        ]
    ],
    "Prediction": [
        49.77249137531563,
        38.68635593697301,
        72.72754834865414,
        49.45630239022235,
        20.154059274757536,
        115.9210902865486
    ],
    "Cell_State": [
        1.572050729020704e-05,
        3.332206985155673e-05,
        9.945568837322245e-05,
        0.00027460431586128284,
        0.00037335832842660206,
        0.00035132309224756246
    ],
    "Hidden_State": [
        2.5631451419649842e-08,
        3.279234948860843e-08,
        3.469446951953614e-17,
        6.82774035226652e-09,
        -1.4551554405883849e-13,
        -2.0816681711721685e-17
    ],
    "Parameters": {
        "VQC_1": [
            [
                [
                    2.3573587526470874e-11,
                    7.178480032621337e-12,
                    1.8753887331968144e-12
                ]
            ],
            [
                [
                    4.733990977001667e-13,
                    1.1857181902996672e-13,
                    2.986499936241671e-14
                ]
            ],
            [
                [
                    7.549516567451064e-15,
                    1.6653345369377348e-15,
                    6.661338147750939e-16
                ]
            ],
            [
                [
                    0.0,
                    0.0,
                    0.0
                ]
            ],
            [
                [
                    0.0,
                    0.0,
                    0.0
                ]
            ],
            [
                [
                    0.0,
                    0.0,
                    0.0
                ]
            ],
            [
                [
                    0.0,
                    1.3766765505351941e-14,
                    -1.4432899320127035e-15
                ]
            ],
            [
                [
                    1.1102230246251565e-16,
                    1.2501111257279263e-13,
                    -9.2148511043888e-15
                ]
            ],
            [
                [
                    -2.3314683517128287e-15,
                    1.7444046207515385e-11,
                    -1.2609913113692528e-12
                ]
            ],
            [
                [
                    -3.143041382713818e-13,
                    8.32893753965891e-11,
                    -5.844880135441599e-12
                ]
            ],
            [
                [
                    -1.4491741140432168e-12,
                    2.3481938615788067e-10,
                    -1.64014357650899e-11
                ]
            ],
            [
                [
                    -4.068856362948736e-12,
                    1.9983736887496661e-10,
                    -1.397060245267312e-11
                ]
            ]
        ],
        "VQC_2": [
            [
                [
                    -3.4660052605772762e-12,
                    -8.647527138805344e-13,
                    -2.16382467499443e-13
                ]
            ],
            [
                [
                    -5.417888360170764e-14,
                    -1.3211653993039363e-14,
                    -3.4416913763379853e-15
                ]
            ],
            [
                [
                    -2.220446049250313e-16,
                    0.0,
                    0.0
                ]
            ],
            [
                [
                    0.0,
                    0.0,
                    0.0
                ]
            ],
            [
                [
                    0.0,
                    0.0,
                    0.0
                ]
            ],
            [
                [
                    0.0,
                    0.0,
                    0.0
                ]
            ],
            [
                [
                    0.0,
                    1.4432899320127035e-14,
                    -1.3322676295501878e-15
                ]
            ],
            [
                [
                    1.1102230246251565e-16,
                    1.3278267374516872e-13,
                    -1.176836406102666e-14
                ]
            ],
            [
                [
                    -2.886579864025407e-15,
                    1.8692047909496523e-11,
                    -1.5721868251716842e-12
                ]
            ],
            [
                [
                    -3.915756607852927e-13,
                    9.162481884317231e-11,
                    -7.921441280700492e-12
                ]
            ],
            [
                [
                    -1.9597656830683263e-12,
                    2.5915569690226903e-10,
                    -2.2497670393306635e-11
                ]
            ],
            [
                [
                    -5.564881888631135e-12,
                    2.2177737424300403e-10,
                    -1.9584556198992686e-11
                ]
            ]
        ],