{
    "Training_Minutes": 0,
    "Epoch_Iterations": 3,
    "Epoch_Dates": [
        "Wed 3/19",
        "Fri 3/21",
        "Mon 3/24",
        "Fri 3/28",
        "Sun 3/30",
        "Tue 4/1",
        "Thu 4/3",
        "Sat 4/5",
        "Tue 4/8",
        "Thu 4/10",
        "Fri 4/11",
        "Sun 4/13",
        "Sat 4/19",
        "Tue 4/22",
        "Fri 4/25"
    ],
    "Losses": [
        [
            0.2881756910895244,
            0.0715779878304956,
            0.18266207729586684,
            0.2885948700133109,
            0.11244700997137289,
            0.05629305651414865,
            0.06711440103312692,
            0.20088735511920963,
            0.1828507093616793,
            0.09226910912849963,
            0.08769284392082742,
            0.09077371703920334,
            0.25518260922287106,
            0.05058527814587411
        ],
        [
            0.22135229021563785,
            0.04614807605658215,
            0.11887982957783487,
            0.22715198260839198,
            0.07330058024909818,
            0.034130586203238535,
            0.0319883535852529,
            0.13547264840208065,
            0.1326217650974145,
            0.05128091990347908,
            0.0660660994432821,
            0.06391807927518499,
            0.21162587463737867,
            0.03173498542377924
        ],
        [
            0.18497395018221868,
            0.03984374755117345,
            0.08370648564880494,
            0.1925530446910525,
            0.055128448567677825,
            0.028607966897399972,
            0.016223238698160707,
            0.09652892039689669,
            0.10488243954724538,
            0.029772593447706112,
            0.05883942143794096,
            0.052676852238038224,
            0.18715482829708874,
            0.025470704608829598
        ]
    ],
    "Prediction": [
        49.810119552352624,
        40.528115096969344,
        69.23096822482418,
        49.54627583123952,
        20.77835046802783,
        114.94366911304299
    ],
    "Cell_State": [
        1.31518093282884e-05,
        2.7486906058968078e-05,
        7.724810519666108e-05,
        0.000212845935476424,
        0.0002899384304164305,
        0.00026614043761485787
    ],
    "Hidden_State": [
        1.5428053966315414e-08,
        1.9291084866687735e-08,
        6.938893903907228e-18,
        4.11048620835297e-09,
        -7.063100104787168e-14,
        -4.85722573273506e-17
    ],
    "Parameters": {
        "VQC_1": [
            [
                [
                    1.4817813642764577e-11,
                    4.370837025646779e-12,
                    1.134869975771835e-12
                ]
            ],
            [
                [
                    2.8610447344590284e-13,
                    7.16093850883226e-14,
                    1.8096635301390052e-14
                ]
            ],
            [
                [
                    4.551914400963142e-15,
                    8.881784197001252e-16,
                    3.3306690738754696e-16
                ]
            ],
            [
                [
                    0.0,
                    0.0,
                    0.0
                ]
            ],
            [
                [
                    0.0,
                    0.0,
                    0.0
                ]
            ],
            [
                [
                    0.0,
                    0.0,
                    0.0
                ]
            ],
            [
                [
                    0.0,
                    9.103828801926284e-15,
                    -8.881784197001252e-16
                ]
            ],
            [
                [
                    0.0,
                    7.671641100159832e-14,
                    -5.662137425588298e-15
                ]
            ],
            [
                [
                    -1.2212453270876722e-15,
                    7.91122722887394e-12,
                    -5.737632591262809e-13
                ]
            ],
            [
                [
                    -1.4299672557172016e-13,
                    3.97148980368911e-11,
                    -2.785993657994368e-12
                ]
            ],
            [
                [
                    -6.907807659217724e-13,
                    1.2365486412591054e-10,
                    -8.570144593988971e-12
                ]
            ],
            [
                [
                    -2.127853448996575e-12,
                    1.0334377797960315e-10,
                    -7.168154958492323e-12
                ]
            ]
        ],
        "VQC_2": [
            [
                [
                    -1.780353642288901e-12,
                    -4.4442227675745016e-13,
                    -1.1124434706744069e-13
                ]
            ],
            [
                [
                    -2.7977620220553945e-14,
                    -6.661338147750939e-15,
                    -1.7763568394002505e-15
                ]
            ],
            [
                [
                    -1.1102230246251565e-16,
                    0.0,
                    0.0
                ]
            ],
            [
                [
                    0.0,
                    0.0,
                    0.0
                ]
            ],
            [
                [
                    0.0,
                    0.0,
                    0.0
                ]
            ],
            [
                [
                    0.0,
                    0.0,
                    0.0
                ]
            ],
            [
                [
                    0.0,
                    9.547918011776346e-15,
                    -8.881784197001252e-16
                ]
            ],
            [
                [
                    0.0,
                    8.193445921733655e-14,
                    -7.105427357601002e-15
                ]
            ],
            [
                [
                    -1.6653345369377348e-15,
                    8.468115098025919e-12,
                    -7.125411372044255e-13
                ]
            ],
            [
                [
                    -1.7741363933510002e-13,
                    4.3687498063604835e-11,
                    -3.775313395237845e-12
                ]
            ],
            [
                [
                    -9.341416529196067e-13,
                    1.3657230901742423e-10,
                    -1.1805778576956527e-11
                ]
            ],
            [
                [
                    -2.9235502907454247e-12,
                    1.1469258875962396e-10,
                    -1.0077605416825008e-11
                ]
            ]
        ],