{
    "Training_Minutes": 0,
    "Epoch_Iterations": 1,
    "Epoch_Dates": [
        "Wed 3/19",
        "Fri 3/21",
        "Mon 3/24",
        "Fri 3/28",
        "Sun 3/30",
        "Tue 4/1",
        "Thu 4/3",
        "Sat 4/5",
        "Tue 4/8",
        "Thu 4/10",
        "Fri 4/11",
        "Sun 4/13",
        "Sat 4/19",
        "Tue 4/22",
        "Fri 4/25"
    ],
    "Losses": [
        [
            0.2881756910895244,
            0.0715779878304956,
            0.18266207729586684,
            0.2885948700133109,
            0.11244700997137289,
            0.05629305651414865,
            0.06711440103312692,
            0.20088735511920963,
            0.1828507093616793,
            0.09226910912849963,
            0.08769284392082742,
            0.09077371703920334,
            0.25518260922287106,
            0.05058527814587411
        ]
    ],
    "Prediction": [
        49.92041801786473,
        45.999448374410164,
        58.33409916914183,
        49.80988664054319,
        22.63764645953798,
        112.07418041627975
    ],
    "Cell_State": [
        2.631633459417628e-06,
        5.838664025548512e-06,
        1.5451703255385304e-05,
        4.1394264707235905e-05,
        5.768585382936947e-05,
        4.326134296970972e-05
    ],
    "Hidden_State": [
        5.969659003235428e-10,
        6.238918704576379e-10,
        0.0,
        1.599029242349559e-10,
        -4.996003610813204e-16,
        -5.551115123125783e-17
    ],
    "Parameters": {
        "VQC_1": [
            [
                [
                    4.841682610390308e-13,
                    1.284528039491306e-13,
                    3.275157922644212e-14
                ]
            ],
            [
                [
                    8.215650382226158e-15,
                    1.9984014443252818e-15,
                    6.661338147750939e-16
                ]
            ],
            [
                [
                    1.1102230246251565e-16,
                    0.0,
                    0.0
                ]
            ],
            [
                [
                    0.0,
                    0.0,
                    0.0
                ]
            ],
            [
                [
                    0.0,
                    0.0,
                    0.0
                ]
            ],
            [
                [
                    0.0,
                    0.0,
                    0.0
                ]
            ],
            [
                [
                    0.0,
                    0.0,
                    0.0
                ]
            ],
            [
                [
                    0.0,
                    6.661338147750939e-16,
                    0.0
                ]
            ],
            [
                [
                    0.0,
                    1.56097357262297e-13,
                    -1.1324274851176597e-14
                ]
            ],
            [
                [
                    -2.7755575615628914e-15,
                    6.424860643505781e-13,
                    -4.39648317751562e-14
                ]
            ],
            [
                [
                    -1.1102230246251565e-14,
                    1.7610357616604233e-12,
                    -1.1857181902996672e-13
                ]
            ],
            [
                [
                    -2.9531932455029164e-14,
                    1.2597700660421651e-12,
                    -8.482103908136196e-14
                ]
            ]
        ],
        "VQC_2": [
            [
                [
                    -2.1094237467877974e-14,
                    -5.329070518200751e-15,
                    -1.3322676295501878e-15
                ]
            ],
            [
                [
                    -3.3306690738754696e-16,
                    0.0,
                    0.0
                ]
            ],
            [
                [
                    0.0,
                    0.0,
                    0.0
                ]
            ],
            [
                [
                    0.0,
                    0.0,
                    0.0
                ]
            ],
            [
                [
                    0.0,
                    0.0,
                    0.0
                ]
            ],
            [
                [
                    0.0,
                    0.0,
                    0.0
                ]
            ],
            [
                [
                    0.0,
                    0.0,
                    0.0
                ]
            ],
            [
                [
                    0.0,
                    7.771561172376096e-16,
                    0.0
                ]
            ],
            [
                [
                    0.0,
                    1.667554982986985e-13,
                    -1.4099832412739488e-14
                ]
            ],
            [
                [
                    -3.3306690738754696e-15,
                    7.079892228034623e-13,
                    -6.050715484207103e-14
                ]
            ],
            [
                [
                    -1.509903313490213e-14,
                    1.9523271888033378e-12,
                    -1.667554982986985e-13
                ]
            ],
            [
                [
                    -4.1522341120980855e-14,
                    1.4004353232621725e-12,
                    -1.2156942119645464e-13
                ]
            ]
        ],
        "VQC_3": [
            [
                [
                    -3.019806626980426e-14,
                    -7.438494264988549e-15,
                    -1.7763568394002505e-15
                ]
            ],
            [
                [
                    -5.551115123125783e-16,
                    0.0,
                    0.0
                ]
            ],
            [
                [
                    0.0,
                    0.0,
                    0.0
                ]
            ],
            [
                [
                    0.0,
                    0.0,
                    0.0
                ]
            ],
            [
                [
                    0.0,
                    0.0,
                    0.0
                ]
            ],
            [
                [
                    0.0,
                    0.0,
                    0.0
                ]
            ],
            [
                [
                    0.0,
                    -4.572459677665286e-06,
                    -2.969515642270437e-07
                ]
            ],
            [
                [
                    -1.8550265434846835e-08,
                    -9.6217401288623e-06,
                    -6.27281872556118e-07
                ]
            ],
            [
                [
                    -3.918896596122323e-08,
                    -2.7038288453407056e-05,
                    -1.7558648549576006e-06
                ]
            ],
            [
                [
                    -1.1011920331149838e-07,
                    -5.1020932474887815e-05,
                    -3.6614080708430308e-06
                ]
            ],
            [
                [
                    -2.2933541587999429e-07,
                    -6.764275109605311e-05,
                    -4.682808009137673e-06
                ]
            ],
            [
                [
                    -2.9384278410482523e-07,
                    -4.819592045224308e-05,
                    -5.075023314926597e-06
                ]
            ]
        ],