{
    "Training_Minutes": 19.366666666666788,
    "Epoch_Iterations": 2,
    "Epoch_Dates": [
        "Fri 10/4",
        "Fri 10/11",
        "Sun 10/13",
        "Wed 10/16",
        "Thu 10/17",
        "Tue 10/22",
        "Thu 10/24",
        "Sat 10/26",
        "Tue 10/29",
        "Fri 11/1",
        "Sat 11/2",
        "Mon 11/4",
        "Thu 11/7",
        "Fri 11/8",
        "Sun 11/10",
        "Tue 11/12",
        "Wed 11/13",
        "Fri 11/15",
        "Sun 11/17",
        "Thu 11/21",
        "Sun 11/24",
        "Tue 11/26",
        "Wed 11/27",
        "Fri 11/29",
        "Mon 12/2",
        "Wed 12/4",
        "Fri 12/6",
        "Sun 12/8",
        "Fri 12/13",
        "Sun 12/15",
        "Thu 12/19",
        "Sat 12/21",
        "Mon 12/23",
        "Wed 12/25",
        "Fri 12/27",
        "Sun 12/29",
        "Tue 12/31",
        "Thu 1/2",
        "Sat 1/4",
        "Mon 1/6",
        "Tue 1/7",
        "Thu 1/9",
        "Sat 1/11",
        "Mon 1/13",
        "Wed 1/15",
        "Fri 1/17",
        "Sat 1/18",
        "Mon 1/20",
        "Wed 1/22",
        "Sat 1/25"
    ],
    "Losses": [
        [
            0.10417668762260975,
            0.1774354248145394,
            0.1723020092011643,
            0.07960068928406627,
            0.059541949099526446,
            0.08720129220753804,
            0.016245106402004744,
            0.020571566527481735,
            0.030159911941205386,
            0.08446388637218591,
            0.01636741618014497,
            0.1065010099362489,
            0.03794297338171439,
            0.1441948071193272,
            0.17069816014894731,
            0.05031403789207018,
            0.025559296331150023,
            0.045124001226962286,
            0.04564207401365006,
            0.09689732271044625,
            0.035276178958920094,
            0.04838049867773465,
            0.11759421228570562,
            0.04674299002077983,
            0.16583731536139504,
            0.04488590456970894,
            0.07762654704721841,
            0.1030630711135816,
            0.03972196832301034,
            0.14584155203842894,
            0.11005542265595347,
            0.0894815305091134,
            0.11397927533949892,
            0.29982964648579125,
            0.1764806928975458,
            0.05894720369156771,
            0.1501894889371769,
            0.08827581700692484,
            0.26919331069176716,
            0.1825056374659314,
            0.11865618412251852,
            0.17563120844304103,
            0.16354732416519518,
            0.15559170837110936,
            0.25420733984690325,
            0.18066434437018145,
            0.12777411842598954,
            0.10811257509682805,
            0.2632590558560912
        ],
        [
            0.10264716963959565,
            0.1376997622739449,
            0.06032997247072359,
            0.2673910750016546,
            0.12589526585500369,
            0.11955027006427961,
            0.15341619649734514,
            0.32332705000939055,
            0.1851845454939078,
            0.17977812275469432,
            0.2931693251565754,
            0.1680627797323939,
            0.26025777217179685,
            0.2854493711827738,
            0.34095053656350954,
            0.1168463340130176,
            0.1521533280254265,
            0.2554406294497541,
            0.21285907828790568,
            0.21841204347448323,
            0.12311434029696193,
            0.2286465965592994,
            0.33140276136917274,
            0.23805524402891323,
            0.41862905720268107,
            0.2040869926868925,
            0.27260078438403107,
            0.2829838046828728,
            0.16675028755443602,
            0.3216962757789351,
            0.2472875989404851,
            0.25925577099394725,
            0.2570641362340849,
            0.5133015378242195,
            0.24451587507559167,
            0.21800357140727822,
            0.29452480895079525,
            0.22702316228797093,
            0.4374362926201538,
            0.35110161908496307,
            0.22225302921343998,
            0.3535088021960343,
            0.3420690463640659,
            0.27787797845227075,
            0.4424829601635828,
            0.2611422363660193,
            0.25337946885372387,
            0.2647148629754959,
            0.4736968502785082
        ]
    ],
    "Prediction": [
        23.233385900675135,
        2.7882414336316663,
        99.95136852604742,
        44.03933115668454,
        18.068665791946852,
        119.99202719658327
    ],
    "Cell_State": [
        -0.007829153625769032,
        -0.024808719626441825,
        -0.04027955759487451,
        -0.04482903247940271,
        -0.03920067585664772,
        -0.015440798513928579
    ],
    "Hidden_State": [
        0.0004394031126942789,
        0.00015133177407242182,
        1.3279672764210382e-08,
        0.00045148243583767456,
        1.9287291227326753e-06,
        7.348164063336604e-09
    ],
    "Parameters": {
        "VQC_1": [
            [
                [
                    1.4831353922772905e-08,
                    -8.764277439343715e-07,
                    1.409254091200296e-08
                ]
            ],
            [
                [
                    2.964479328682046e-09,
                    -2.3972275910555396e-05,
                    1.4201349445297495e-06
                ]
            ],
            [
                [
                    3.4719046371201046e-07,
                    -0.00011491244586769866,
                    6.713569481231474e-06
                ]
            ],
            [
                [
                    1.65111209748936e-06,
                    -0.0001663337318196234,
                    1.0208161140834449e-05
                ]
            ],
            [
                [
                    2.5145900597323134e-06,
                    -0.00011830203918661297,
                    7.582009073470175e-06
                ]
            ],
            [
                [
                    1.8697531531941536e-06,
                    -1.0679478350539284e-05,
                    8.813616223513066e-07
                ]
            ],
            [
                [
                    2.1553862428191906e-07,
                    -3.849959093749078e-07,
                    4.5692171157796224e-08
                ]
            ],
            [
                [
                    1.1321406923059385e-08,
                    -1.3539111851423868e-05,
                    9.91669447891752e-07
                ]
            ],
            [
                [
                    2.435875459116943e-07,
                    -6.167962202496824e-05,
                    4.525962901791303e-06
                ]
            ],
            [
                [
                    1.1182074681759246e-06,
                    -0.00013311472495147747,
                    9.008006441657557e-06
                ]
            ],
            [
                [
                    2.2218655564287815e-06,
                    -0.00011268295279709406,
                    7.3678258689646725e-06
                ]
            ],
            [
                [
                    1.8174118909808357e-06,
                    -1.546633767635086e-05,
                    1.0610807710254022e-06
                ]
            ]
        ],