{
    "Training_Minutes": 7.066666666666606,
    "Epoch_Iterations": 3,
    "Epoch_Dates": [
        "Fri 10/4",
        "Fri 10/11",
        "Sun 10/13",
        "Wed 10/16",
        "Thu 10/17",
        "Tue 10/22",
        "Thu 10/24",
        "Sat 10/26",
        "Tue 10/29",
        "Fri 11/1",
        "Sat 11/2",
        "Mon 11/4",
        "Thu 11/7",
        "Fri 11/8",
        "Sun 11/10"
    ],
    "Losses": [
        [
            0.11573932725816809,
            0.20975278673124015,
            0.2279648434324034,
            0.09899676133504666,
            0.1012178334569239,
            0.1524253876791485,
            0.059208353370875016,
            0.022397944279824368,
            0.08174053385082723,
            0.14390629042050013,
            0.02388069378660954,
            0.23130853210240765,
            0.06597861333612803,
            0.19187953524138673
        ],
        [
            0.054106303276877356,
            0.14137388717551472,
            0.13649847351048697,
            0.07363790082649546,
            0.05351180538355528,
            0.08296402592353853,
            0.01796664817815067,
            0.01598125215398395,
            0.036035038625273394,
            0.10308894249130793,
            0.013001957812799513,
            0.150715529066697,
            0.039602554251374225,
            0.15579076251938623
        ],
        [
            0.019592317086450588,
            0.10022040132044265,
            0.07454840571360026,
            0.07226292712495545,
            0.03124501628793645,
            0.04138565917882701,
            0.001909571327912942,
            0.031728801518816116,
            0.01631367421644434,
            0.08564401473292371,
            0.024020047485050076,
            0.0993019799826031,
            0.036401169713953956,
            0.14429195431622738
        ]
    ],
    "Prediction": [
        46.47082100628693,
        37.14010424938354,
        77.41004109905867,
        48.27649393225555,
        22.354725978662213,
        115.83321331216173
    ],
    "Cell_State": [
        5.727755866341969e-06,
        6.208920909378815e-05,
        0.0004913477977963814,
        0.00047577306339844115,
        0.0004799742289447509,
        0.0003302051965092843
    ],
    "Hidden_State": [
        5.708969894741012e-08,
        3.9622494417412835e-08,
        6.938893903907228e-18,
        5.8442508166223206e-08,
        -1.2591594433786213e-12,
        -5.551115123125783e-17
    ],
    "Parameters": {
        "VQC_1": [
            [
                [
                    -1.4334533560145246e-11,
                    -3.5482727867020003e-12,
                    -8.610889778992714e-13
                ]
            ],
            [
                [
                    -2.1471713296250527e-13,
                    -1.7030821197749901e-13,
                    -5.995204332975845e-15
                ]
            ],
            [
                [
                    -1.5543122344752192e-15,
                    2.5948376780604576e-10,
                    -1.4747980614515654e-11
                ]
            ],
            [
                [
                    -3.6417535653754385e-12,
                    2.2908985819469763e-10,
                    -1.3992806913165623e-11
                ]
            ],
            [
                [
                    -3.4561242756581123e-12,
                    2.001578902621759e-10,
                    -1.2551515382597245e-11
                ]
            ],
            [
                [
                    -3.099520640148512e-12,
                    7.512213073823659e-11,
                    -5.3657078780133816e-12
                ]
            ],
            [
                [
                    -1.3313794511304877e-12,
                    -3.637090628672013e-13,
                    -8.08242361927114e-14
                ]
            ],
            [
                [
                    -2.042810365310288e-14,
                    -1.0302869668521453e-13,
                    4.884981308350689e-15
                ]
            ],
            [
                [
                    1.5543122344752192e-15,
                    1.4540302295529273e-10,
                    -1.046429609630195e-11
                ]
            ],
            [
                [
                    -2.5939250747342157e-12,
                    1.7011259068056006e-10,
                    -1.187472342678575e-11
                ]
            ],
            [
                [
                    -2.936317855528614e-12,
                    1.7132695262489506e-10,
                    -1.1548095812941028e-11
                ]
            ],
            [
                [
                    -2.849942504212777e-12,
                    1.0033396335984435e-10,
                    -6.384448525409425e-12
                ]
            ]
        ],
        "VQC_2": [
            [
                [
                    -1.582067810090848e-12,
                    -4.729550084903167e-13,
                    -9.14823772291129e-14
                ]
            ],
            [
                [
                    -2.3314683517128287e-14,
                    -1.4765966227514582e-13,
                    1.1324274851176597e-14
                ]
            ],
            [
                [
                    2.6645352591003757e-15,
                    3.1296321090223955e-10,
                    -2.780797814239122e-11
                ]
            ],
            [
                [
                    -6.794564910705958e-12,
                    2.6975222056080383e-10,
                    -2.4288571154329475e-11
                ]
            ],
            [
                [
                    -5.947908832126814e-12,
                    2.3273138971546814e-10,
                    -2.0760060337465802e-11
                ]
            ],
            [
                [
                    -5.087930077252167e-12,
                    8.24866841497851e-11,
                    -7.440714711037799e-12
                ]
            ],
            [
                [
                    -1.8396395518038844e-12,
                    -4.924949337237194e-13,
                    -1.1146639167236572e-13
                ]
            ],
            [
                [
                    -2.8199664825478976e-14,
                    -1.2145839889399213e-13,
                    9.103828801926284e-15
                ]
            ],
            [
                [
                    1.7763568394002505e-15,
                    1.5767231964503026e-10,
                    -1.3496759265763103e-11
                ]
            ],
            [
                [
                    -3.3371083674182955e-12,
                    1.896292012304457e-10,
                    -1.672795235663216e-11
                ]
            ],
            [
                [
                    -4.11315426163128e-12,
                    1.9503443304813572e-10,
                    -1.742050947939333e-11
                ]
            ],
            [
                [
                    -4.261924146931051e-12,
                    1.157951512453792e-10,
                    -1.0325962307433656e-11
                ]
            ]
        ],