{
    "Training_Minutes": 13.950000000000045,
    "Epoch_Iterations": 2,
    "Epoch_Dates": [
        "Fri 10/4",
        "Fri 10/11",
        "Sun 10/13",
        "Wed 10/16",
        "Thu 10/17",
        "Tue 10/22",
        "Thu 10/24",
        "Sat 10/26",
        "Tue 10/29",
        "Fri 11/1",
        "Sat 11/2",
        "Mon 11/4",
        "Thu 11/7",
        "Fri 11/8",
        "Sun 11/10",
        "Tue 11/12",
        "Wed 11/13",
        "Fri 11/15",
        "Sun 11/17",
        "Thu 11/21",
        "Sun 11/24",
        "Tue 11/26",
        "Wed 11/27",
        "Fri 11/29",
        "Mon 12/2",
        "Wed 12/4",
        "Fri 12/6",
        "Sun 12/8",
        "Fri 12/13",
        "Sun 12/15",
        "Thu 12/19",
        "Sat 12/21",
        "Mon 12/23",
        "Wed 12/25",
        "Fri 12/27",
        "Sun 12/29",
        "Tue 12/31",
        "Thu 1/2",
        "Sat 1/4",
        "Mon 1/6",
        "Tue 1/7",
        "Thu 1/9",
        "Sat 1/11",
        "Mon 1/13",
        "Wed 1/15",
        "Fri 1/17",
        "Sat 1/18",
        "Mon 1/20",
        "Wed 1/22",
        "Sat 1/25"
    ],
    "Losses": [
        [
            0.11573932725816809,
            0.20975278673124015,
            0.2279648434324034,
            0.09899676133504666,
            0.1012178334569239,
            0.1524253876791485,
            0.059208353370875016,
            0.022397944279824368,
            0.08174053385082723,
            0.14390629042050013,
            0.02388069378660954,
            0.23130853210240765,
            0.06597861333612803,
            0.19187953524138673,
            0.2504224966544835,
            0.12125161269689819,
            0.10037585279695972,
            0.04889905132084733,
            0.0799407146888588,
            0.11361911588404584,
            0.11465309732249097,
            0.07454816154684761,
            0.09551386704966346,
            0.03194659038773107,
            0.10760966159611306,
            0.08830185403808619,
            0.015990683282151478,
            0.06192811575777528,
            0.04901161263401008,
            0.023694105128378586,
            0.024186952603183258,
            0.12644567715442903,
            0.054039926680682304,
            0.07032975969565529,
            0.15682352028210103,
            0.07814336479125554,
            0.09075988562385877,
            0.03711624132089831,
            0.08061226924691922,
            0.05488057494272712,
            0.05268596377442203,
            0.03465776788635428,
            0.0421287551268013,
            0.04637841805619956,
            0.05700540218236589,
            0.14582324337077474,
            0.0353712858897875,
            0.017826415575142314,
            0.10677611334493427
        ],
        [
            0.009770665136944216,
            0.08512000843890898,
            0.03395354098193627,
            0.09561517809758212,
            0.02872719503202211,
            0.027976567732446875,
            0.008102736443454864,
            0.07629659665514398,
            0.02132090764527093,
            0.09271648593951824,
            0.062196427035667086,
            0.08291892073462442,
            0.05574782428748353,
            0.12258506064126129,
            0.17762356214194405,
            0.045455535641628866,
            0.03210973797308125,
            0.07555130325885177,
            0.05227789694477824,
            0.0965248613843794,
            0.023707972398694183,
            0.05018697448192181,
            0.10978908606387075,
            0.04863886326311469,
            0.1623000561909315,
            0.04288428413741783,
            0.05621515765473931,
            0.09647075971115675,
            0.023918965711124868,
            0.11919561113471955,
            0.07933262252892494,
            0.1043159453039887,
            0.06928232950633337,
            0.2371313483942369,
            0.14109750914971309,
            0.04351764750987171,
            0.10591731479510076,
            0.06638600233941752,
            0.19483489905280466,
            0.12946060938590181,
            0.07948618259178722,
            0.11015862665999375,
            0.10321603712059409,
            0.0977326753592231,
            0.16695819111644217,
            0.15599311201355184,
            0.08018483541284051,
            0.046240894636412296,
            0.17487696220659113
        ]
    ],
    "Prediction": [
        40.1715769625962,
        23.490144944088897,
        94.73897870974197,
        48.000820452228794,
        21.958032559288203,
        113.34818422945378
    ],
    "Cell_State": [
        -0.00019333246432043472,
        -0.00080893851989932,
        -0.0015941726130296922,
        -0.0016381619912136179,
        -0.0015413343184643444,
        -0.0007307780958959774
    ],
    "Hidden_State": [
        6.312384586808217e-07,
        2.815932460941556e-07,
        2.232936058277346e-14,
        6.528778507125521e-07,
        1.1780025566121566e-10,
        1.1032841307212493e-14
    ],
    "Parameters": {
        "VQC_1": [
            [
                [
                    1.2266143656347595e-10,
                    9.906075959520422e-12,
                    5.325739849126876e-12
                ]
            ],
            [
                [
                    1.2916334668489071e-12,
                    -8.794096562070308e-10,
                    5.217759557751833e-11
                ]
            ],
            [
                [
                    1.2822187756000858e-11,
                    -9.258965594227675e-09,
                    5.259022106685052e-10
                ]
            ],
            [
                [
                    1.2968026652515618e-10,
                    -1.2273708493992785e-08,
                    7.39998728960245e-10
                ]
            ],
            [
                [
                    1.8293300207972152e-10,
                    -1.1073461259059059e-08,
                    7.062554985282077e-10
                ]
            ],
            [
                [
                    1.7479062641712062e-10,
                    -2.19705675874593e-09,
                    1.6515455669718904e-10
                ]
            ],
            [
                [
                    4.1110670423449847e-11,
                    3.836708728499616e-12,
                    3.035127704720253e-12
                ]
            ],
            [
                [
                    7.576161920042068e-13,
                    -4.920794882679047e-10,
                    3.615352461849852e-11
                ]
            ],
            [
                [
                    0.0,
                    -5.023005122950508e-09,
                    3.599711639878933e-10
                ]
            ],
            [
                [
                    8.915534976949857e-11,
                    -9.842876069754425e-09,
                    6.547526965050565e-10
                ]
            ],
            [
                [
                    1.6204881880810262e-10,
                    -1.0642212000533391e-08,
                    6.90062229580235e-10
                ]
            ],
            [
                [
                    1.708120311860739e-10,
                    -3.1719442628030947e-09,
                    2.0152990387600767e-10
                ]
            ]
        ],