{
    "Training_Minutes": 0,
    "Epoch_Iterations": 1,
    "Epoch_Dates": [
        "Wed 3/19",
        "Fri 3/21",
        "Mon 3/24",
        "Fri 3/28",
        "Sun 3/30",
        "Tue 4/1",
        "Thu 4/3",
        "Sat 4/5",
        "Tue 4/8",
        "Thu 4/10",
        "Fri 4/11",
        "Sun 4/13",
        "Sat 4/19",
        "Tue 4/22",
        "Fri 4/25"
    ],
    "Losses": [
        [
            0.2881756910895255,
            0.07156705732555119,
            0.1825492210262602,
            0.28851963202251535,
            0.11224205084997405,
            0.05610673731750586,
            0.06671810206799135,
            0.2000368409309826,
            0.1818115216953964,
            0.09130841168004056,
            0.08693231045540446,
            0.08975793850840717,
            0.25364477734795415,
            0.04959892905736805
        ]
    ],
    "Prediction": [
        49.92678865800042,
        45.87006695513393,
        58.616442614468475,
        49.814573818317925,
        22.60010142104609,
        112.17801339965104
    ],
    "Cell_State": [
        3.104207535283319e-06,
        6.876642642376695e-06,
        1.831986306053521e-05,
        4.696932695389818e-05,
        6.403251629623164e-05,
        4.719573592799137e-05
    ],
    "Hidden_State": [
        7.518909973802668e-10,
        7.555154297317346e-10,
        -6.938893903907228e-18,
        2.1511795122997057e-10,
        -7.077671781985373e-16,
        -1.3877787807814457e-17
    ],
    "Parameters": {
        "VQC_1": [
            [
                [
                    5.013767179207207e-13,
                    1.3300471835009375e-13,
                    3.375077994860476e-14
                ]
            ],
            [
                [
                    8.43769498715119e-15,
                    1.9984014443252818e-15,
                    4.440892098500626e-16
                ]
            ],
            [
                [
                    0.0,
                    0.0,
                    0.0
                ]
            ],
            [
                [
                    0.0,
                    0.0,
                    0.0
                ]
            ],
            [
                [
                    0.0,
                    0.0,
                    0.0
                ]
            ],
            [
                [
                    0.0,
                    0.0,
                    0.0
                ]
            ],
            [
                [
                    0.0,
                    0.0,
                    0.0
                ]
            ],
            [
                [
                    0.0,
                    6.661338147750939e-16,
                    0.0
                ]
            ],
            [
                [
                    0.0,
                    2.0872192862952943e-13,
                    -1.4654943925052066e-14
                ]
            ],
            [
                [
                    -3.774758283725532e-15,
                    8.15791878494565e-13,
                    -5.262457136723242e-14
                ]
            ],
            [
                [
                    -1.2878587085651816e-14,
                    2.0810020373573934e-12,
                    -1.3211653993039363e-13
                ]
            ],
            [
                [
                    -3.3084646133829665e-14,
                    1.4575007867279055e-12,
                    -9.192646643896296e-14
                ]
            ]
        ],
        "VQC_2": [
            [
                [
                    -2.2648549702353193e-14,
                    -5.329070518200751e-15,
                    -1.1102230246251565e-15
                ]
            ],
            [
                [
                    -4.440892098500626e-16,
                    0.0,
                    0.0
                ]
            ],
            [
                [
                    0.0,
                    0.0,
                    0.0
                ]
            ],
            [
                [
                    0.0,
                    0.0,
                    0.0
                ]
            ],
            [
                [
                    0.0,
                    0.0,
                    0.0
                ]
            ],
            [
                [
                    0.0,
                    0.0,
                    0.0
                ]
            ],
            [
                [
                    0.0,
                    0.0,
                    0.0
                ]
            ],
            [
                [
                    0.0,
                    8.881784197001252e-16,
                    0.0
                ]
            ],
            [
                [
                    0.0,
                    2.2670754162845697e-13,
                    -1.9095836023552692e-14
                ]
            ],
            [
                [
                    -4.6629367034256575e-15,
                    9.185985305748545e-13,
                    -7.882583474838611e-14
                ]
            ],
            [
                [
                    -1.9317880628477724e-14,
                    2.361444373377708e-12,
                    -2.0272672429655358e-13
                ]
            ],
            [
                [
                    -5.0182080713057076e-14,
                    1.658895243394909e-12,
                    -1.438849039914203e-13
                ]
            ]
        ],
        "VQC_3": [
            [
                [
                    -3.597122599785507e-14,
                    -8.659739592076221e-15,
                    -2.220446049250313e-15
                ]
            ],
            [
                [
                    -4.440892098500626e-16,
                    0.0,
                    0.0
                ]
            ],
            [
                [
                    0.0,
                    0.0,
                    0.0
                ]
            ],
            [
                [
                    0.0,
                    0.0,
                    0.0
                ]
            ],
            [
                [
                    0.0,
                    0.0,
                    0.0
                ]
            ],
            [
                [
                    0.0,
                    0.0,
                    0.0
                ]
            ],
            [
                [
                    0.0,
                    -5.393556513411113e-06,
                    -3.5611526127965476e-07
                ]
            ],
            [
                [
                    -2.2239879493568537e-08,
                    -1.1332261657059917e-05,
                    -7.522288896222307e-07
                ]
            ],
            [
                [
                    -4.6980610068914075e-08,
                    -3.205716119047963e-05,
                    -2.114294997745958e-06
                ]
            ],
            [
                [
                    -1.3253272768132263e-07,
                    -5.789253360233282e-05,
                    -4.2626820220270645e-06
                ]
            ],
            [
                [
                    -2.668316720910724e-07,
                    -7.508488266627644e-05,
                    -5.365443031424277e-06
                ]
            ],
            [
                [
                    -3.363445597592829e-07,
                    -5.2579087457038653e-05,
                    -5.754029711146913e-06
                ]
            ]
        ],