{
    "Training_Minutes": 0,
    "Epoch_Iterations": 8,
    "Epoch_Dates": [
        "Wed 3/19",
        "Fri 3/21",
        "Mon 3/24",
        "Fri 3/28",
        "Sun 3/30",
        "Tue 4/1",
        "Thu 4/3",
        "Sat 4/5",
        "Tue 4/8",
        "Thu 4/10",
        "Fri 4/11",
        "Sun 4/13",
        "Sat 4/19",
        "Tue 4/22",
        "Fri 4/25"
    ],
    "Losses": [
        [
            0.2881756910895255,
            0.07156705732555119,
            0.1825492210262602,
            0.28851963202251535,
            0.11224205084997405,
            0.05610673731750586,
            0.06671810206799135,
            0.2000368409309826,
            0.1818115216953964,
            0.09130841168004056,
            0.08693231045540446,
            0.08975793850840717,
            0.25364477734795415,
            0.04959892905736805
        ],
        [
            0.21906496254746624,
            0.045561509923557744,
            0.11610496822471812,
            0.22428922469129753,
            0.0712860874248165,
            0.03321546352415925,
            0.02988746933248161,
            0.1306673606776425,
            0.12835465385938616,
            0.047801828115466474,
            0.06433303047788266,
            0.06153406567302978,
            0.20715695378907212,
            0.030088809821272017
        ],
        [
            0.18002698268672915,
            0.04000368484438296,
            0.07826094313396595,
            0.18682609771200617,
            0.052252242016364775,
            0.028723423930704615,
            0.013729289352834672,
            0.08808425498359913,
            0.09841596237794101,
            0.024959826005135695,
            0.05799103600828256,
            0.05078454120129691,
            0.18096887028063327,
            0.025019307300106822
        ],
        [
            0.15995029253542567,
            0.045419349222434284,
            0.058340333571768835,
            0.1659148253163427,
            0.0458720450457526,
            0.03409823425134561,
            0.009458527058247313,
            0.062487707655940326,
            0.0828453076135996,
            0.014364024383867649,
            0.060446901341720316,
            0.049864405602776544,
            0.1670647778898906,
            0.02768833685497004
        ],
        [
            0.1511361821178177,
            0.056058492946769393,
            0.049097105461672244,
            0.1549012978968374,
            0.046396638448466095,
            0.04420249355483609,
            0.011617326019378446,
            0.04739155810724859,
            0.07575929184290989,
            0.010785399749026965,
            0.06729139523107909,
            0.054129432471467696,
            0.16043180983808822,
            0.03419800144912457
        ],
        [
            0.14878402294221604,
            0.06873994604777899,
            0.04603786053251188,
            0.14973706371754145,
            0.05049893497212783,
            0.05617577279707351,
            0.01703432983205096,
            0.038747468666221564,
            0.07358697438182885,
            0.01112903389189782,
            0.07605724370429016,
            0.06090450361094706,
            0.1580515800536521,
            0.042380608957622384
        ],
        [
            0.15002445436040335,
            0.08179480830072249,
            0.046471388197094565,
            0.14800942539643436,
            0.05630746248670931,
            0.06849786738460359,
            0.02392131419385911,
            0.03407119548924351,
            0.07420291976224797,
            0.013591622997537838,
            0.08540569388270937,
            0.06868949698352254,
            0.15812369532459503,
            0.05106147419596143
        ],
        [
            0.1531693917886141,
            0.09439032948571836,
            0.04880427695061263,
            0.14828120778005502,
            0.06278410832116037,
            0.08039752434702309,
            0.03128838695025986,
            0.03183680797953263,
            0.07634697135062841,
            0.017126126108332793,
            0.09463194424921688,
            0.07666127563363662,
            0.15957265537736148,
            0.05962137281957745
        ]
    ],
    "Prediction": [
        49.65739447745515,
        31.235441592879248,
        85.28534964841296,
        49.13160615529168,
        17.66778379578892,
        120.14814275730461
    ],
    "Cell_State": [
        -3.898697239330879e-05,
        -6.098105942222935e-05,
        -3.0034561907530628e-05,
        -8.506858046281339e-05,
        -0.00010513762090569244,
        -5.634873603130061e-05
    ],
    "Hidden_State": [
        2.235977049347415e-09,
        1.481093032940084e-09,
        4.163336342344337e-17,
        6.387494422277484e-10,
        1.2906342661267445e-14,
        -8.326672684688674e-17
    ],
    "Parameters": {
        "VQC_1": [
            [
                [
                    1.486077927381757e-11,
                    2.971844992316619e-12,
                    6.972200594645983e-13
                ]
            ],
            [
                [
                    1.7186252421197423e-13,
                    4.285460875053104e-14,
                    1.0658141036401503e-14
                ]
            ],
            [
                [
                    2.220446049250313e-15,
                    8.881784197001252e-16,
                    0.0
                ]
            ],
            [
                [
                    0.0,
                    0.0,
                    0.0
                ]
            ],
            [
                [
                    0.0,
                    0.0,
                    0.0
                ]
            ],
            [
                [
                    0.0,
                    0.0,
                    0.0
                ]
            ],
            [
                [
                    0.0,
                    -2.3314683517128287e-13,
                    1.6431300764452317e-14
                ]
            ],
            [
                [
                    4.440892098500626e-15,
                    -8.713030297258229e-13,
                    6.350475700855895e-14
                ]
            ],
            [
                [
                    1.6431300764452317e-14,
                    2.8233193560822656e-11,
                    -1.886268918838141e-12
                ]
            ],
            [
                [
                    -4.718447854656915e-13,
                    4.50266490759077e-11,
                    -2.617461802856269e-12
                ]
            ],
            [
                [
                    -6.552536291337674e-13,
                    -9.71729363641316e-11,
                    5.889289056426605e-12
                ]
            ],
            [
                [
                    1.4652723479002816e-12,
                    -1.1795653342971946e-10,
                    7.2442052356791464e-12
                ]
            ]
        ],