{
    "Training_Minutes": 0,
    "Epoch_Iterations": 5,
    "Epoch_Dates": [
        "Wed 3/19",
        "Fri 3/21",
        "Mon 3/24",
        "Fri 3/28",
        "Sun 3/30",
        "Tue 4/1",
        "Thu 4/3",
        "Sat 4/5",
        "Tue 4/8",
        "Thu 4/10",
        "Fri 4/11",
        "Sun 4/13",
        "Sat 4/19",
        "Tue 4/22",
        "Fri 4/25"
    ],
    "Losses": [
        [
            0.2881756910895255,
            0.07156705732555119,
            0.1825492210262602,
            0.28851963202251535,
            0.11224205084997405,
            0.05610673731750586,
            0.06671810206799135,
            0.2000368409309826,
            0.1818115216953964,
            0.09130841168004056,
            0.08693231045540446,
            0.08975793850840717,
            0.25364477734795415,
            0.04959892905736805
        ],
        [
            0.21906496254746624,
            0.045561509923557744,
            0.11610496822471812,
            0.22428922469129753,
            0.0712860874248165,
            0.03321546352415925,
            0.02988746933248161,
            0.1306673606776425,
            0.12835465385938616,
            0.047801828115466474,
            0.06433303047788266,
            0.06153406567302978,
            0.20715695378907212,
            0.030088809821272017
        ],
        [
            0.18002698268672915,
            0.04000368484438296,
            0.07826094313396595,
            0.18682609771200617,
            0.052252242016364775,
            0.028723423930704615,
            0.013729289352834672,
            0.08808425498359913,
            0.09841596237794101,
            0.024959826005135695,
            0.05799103600828256,
            0.05078454120129691,
            0.18096887028063327,
            0.025019307300106822
        ],
        [
            0.15995029253542567,
            0.045419349222434284,
            0.058340333571768835,
            0.1659148253163427,
            0.0458720450457526,
            0.03409823425134561,
            0.009458527058247313,
            0.062487707655940326,
            0.0828453076135996,
            0.014364024383867649,
            0.060446901341720316,
            0.049864405602776544,
            0.1670647778898906,
            0.02768833685497004
        ],
        [
            0.1511361821178177,
            0.056058492946769393,
            0.049097105461672244,
            0.1549012978968374,
            0.046396638448466095,
            0.04420249355483609,
            0.011617326019378446,
            0.04739155810724859,
            0.07575929184290989,
            0.010785399749026965,
            0.06729139523107909,
            0.054129432471467696,
            0.16043180983808822,
            0.03419800144912457
        ]
    ],
    "Prediction": [
        49.734549629536566,
        35.33190447364086,
        78.5710633648079,
        49.32735735826452,
        19.042442923838614,
        117.87124467882708
    ],
    "Cell_State": [
        1.101213040044356e-05,
        2.6964708738330985e-05,
        0.00010363428516922046,
        0.0002744015008406137,
        0.00036651375738309483,
        0.0003501485846639369
    ],
    "Hidden_State": [
        2.514298057601505e-08,
        3.208356730462214e-08,
        1.3877787807814457e-17,
        7.1093508025033e-09,
        -1.2231882173807662e-13,
        -2.7755575615628914e-17
    ],
    "Parameters": {
        "VQC_1": [
            [
                [
                    1.6834089677786324e-11,
                    4.828359934094806e-12,
                    1.2461143228392757e-12
                ]
            ],
            [
                [
                    3.1397107136399427e-13,
                    7.882583474838611e-14,
                    1.9095836023552692e-14
                ]
            ],
            [
                [
                    4.218847493575595e-15,
                    1.5543122344752192e-15,
                    6.661338147750939e-16
                ]
            ],
            [
                [
                    0.0,
                    0.0,
                    0.0
                ]
            ],
            [
                [
                    0.0,
                    0.0,
                    0.0
                ]
            ],
            [
                [
                    0.0,
                    0.0,
                    0.0
                ]
            ],
            [
                [
                    0.0,
                    -8.215650382226158e-15,
                    2.220446049250313e-16
                ]
            ],
            [
                [
                    6.661338147750939e-16,
                    -2.2648549702353193e-14,
                    1.1102230246251565e-15
                ]
            ],
            [
                [
                    1.5543122344752192e-15,
                    2.649414021504981e-11,
                    -1.816102823681831e-12
                ]
            ],
            [
                [
                    -4.5363712786183896e-13,
                    8.883294100314743e-11,
                    -5.803579838925543e-12
                ]
            ],
            [
                [
                    -1.439959262938828e-12,
                    1.4534928816090087e-10,
                    -9.945821943802002e-12
                ]
            ],
            [
                [
                    -2.461808534803822e-12,
                    1.1274292610607972e-10,
                    -7.751133068722993e-12
                ]
            ]
        ],