{
    "Training_Minutes": 0,
    "Epoch_Iterations": 2,
    "Epoch_Dates": [
        "Wed 3/19",
        "Fri 3/21",
        "Mon 3/24",
        "Fri 3/28",
        "Sun 3/30",
        "Tue 4/1",
        "Thu 4/3",
        "Sat 4/5",
        "Tue 4/8",
        "Thu 4/10",
        "Fri 4/11",
        "Sun 4/13",
        "Sat 4/19",
        "Tue 4/22",
        "Fri 4/25"
    ],
    "Losses": [
        [
            0.2881756910895244,
            0.0715779878304956,
            0.18266207729586684,
            0.2885948700133109,
            0.11244700997137289,
            0.05629305651414865,
            0.06711440103312692,
            0.20088735511920963,
            0.1828507093616793,
            0.09226910912849963,
            0.08769284392082742,
            0.09077371703920334,
            0.25518260922287106,
            0.05058527814587411
        ],
        [
            0.22135229021563785,
            0.04614807605658215,
            0.11887982957783487,
            0.22715198260839198,
            0.07330058024909818,
            0.034130586203238535,
            0.0319883535852529,
            0.13547264840208065,
            0.1326217650974145,
            0.05128091990347908,
            0.0660660994432821,
            0.06391807927518499,
            0.21162587463737867,
            0.03173498542377924
        ]
    ],
    "Prediction": [
        49.85841948480523,
        42.91004769115895,
        64.58180998334396,
        49.66173111979704,
        21.586986919546053,
        113.68809938492055
    ],
    "Cell_State": [
        8.245271175264025e-06,
        1.73079954464305e-05,
        4.6846848717416596e-05,
        0.00012831690577968429,
        0.00017569415476516694,
        0.0001540530806575403
    ],
    "Hidden_State": [
        5.636132567599095e-09,
        6.766556424550596e-09,
        2.7755575615628914e-17,
        1.5028107230863341e-09,
        -1.5640266859406893e-14,
        6.938893903907228e-17
    ],
    "Parameters": {
        "VQC_1": [
            [
                [
                    5.507483358258014e-12,
                    1.545874539488068e-12,
                    3.9734882051334353e-13
                ]
            ],
            [
                [
                    1.000310945187266e-13,
                    2.4980018054066022e-14,
                    6.439293542825908e-15
                ]
            ],
            [
                [
                    1.5543122344752192e-15,
                    4.440892098500626e-16,
                    0.0
                ]
            ],
            [
                [
                    0.0,
                    0.0,
                    0.0
                ]
            ],
            [
                [
                    0.0,
                    0.0,
                    0.0
                ]
            ],
            [
                [
                    0.0,
                    0.0,
                    0.0
                ]
            ],
            [
                [
                    0.0,
                    2.4424906541753444e-15,
                    -1.1102230246251565e-16
                ]
            ],
            [
                [
                    0.0,
                    1.9539925233402755e-14,
                    -1.3322676295501878e-15
                ]
            ],
            [
                [
                    -2.220446049250313e-16,
                    2.077893412888443e-12,
                    -1.5087930904655877e-13
                ]
            ],
            [
                [
                    -3.774758283725532e-14,
                    1.0139999950808942e-11,
                    -7.065459328714496e-13
                ]
            ],
            [
                [
                    -1.7530421558831222e-13,
                    3.296585227019477e-11,
                    -2.2614132788589814e-12
                ]
            ],
            [
                [
                    -5.621059173677168e-13,
                    2.6460056368193818e-11,
                    -1.8172130467064562e-12
                ]
            ]
        ],
        "VQC_2": [
            [
                [
                    -4.5197179332490123e-13,
                    -1.1290968160437842e-13,
                    -2.8310687127941492e-14
                ]
            ],
            [
                [
                    -7.327471962526033e-15,
                    -1.5543122344752192e-15,
                    -3.3306690738754696e-16
                ]
            ],
            [
                [
                    0.0,
                    0.0,
                    0.0
                ]
            ],
            [
                [
                    0.0,
                    0.0,
                    0.0
                ]
            ],
            [
                [
                    0.0,
                    0.0,
                    0.0
                ]
            ],
            [
                [
                    0.0,
                    0.0,
                    0.0
                ]
            ],
            [
                [
                    0.0,
                    2.4424906541753444e-15,
                    -1.1102230246251565e-16
                ]
            ],
            [
                [
                    0.0,
                    2.098321516541546e-14,
                    -1.7763568394002505e-15
                ]
            ],
            [
                [
                    -3.3306690738754696e-16,
                    2.2218893391823258e-12,
                    -1.8673951274195133e-13
                ]
            ],
            [
                [
                    -4.6407322429331543e-14,
                    1.1162293311883786e-11,
                    -9.612310947204605e-13
                ]
            ],
            [
                [
                    -2.3803181647963356e-13,
                    3.6448510876141427e-11,
                    -3.134603687726667e-12
                ]
            ],
            [
                [
                    -7.773781618425346e-13,
                    2.936939580422404e-11,
                    -2.5655033653038117e-12
                ]
            ]
        ],