{
    "Training_Minutes": 0,
    "Epoch_Iterations": 2,
    "Epoch_Dates": [
        "Wed 3/19",
        "Fri 3/21",
        "Mon 3/24",
        "Fri 3/28",
        "Sun 3/30",
        "Tue 4/1",
        "Thu 4/3",
        "Sat 4/5",
        "Tue 4/8",
        "Thu 4/10",
        "Fri 4/11",
        "Sun 4/13",
        "Sat 4/19",
        "Tue 4/22",
        "Fri 4/25"
    ],
    "Losses": [
        [
            0.2881756910895255,
            0.07156705732555119,
            0.1825492210262602,
            0.28851963202251535,
            0.11224205084997405,
            0.05610673731750586,
            0.06671810206799135,
            0.2000368409309826,
            0.1818115216953964,
            0.09130841168004056,
            0.08693231045540446,
            0.08975793850840717,
            0.25364477734795415,
            0.04959892905736805
        ],
        [
            0.21906496254746624,
            0.045561509923557744,
            0.11610496822471812,
            0.22428922469129753,
            0.0712860874248165,
            0.03321546352415925,
            0.02988746933248161,
            0.1306673606776425,
            0.12835465385938616,
            0.047801828115466474,
            0.06433303047788266,
            0.06153406567302978,
            0.20715695378907212,
            0.030088809821272017
        ]
    ],
    "Prediction": [
        49.86539723475263,
        42.44279396395431,
        65.51833421398773,
        49.65903636115395,
        21.439991036902967,
        114.00138035975331
    ],
    "Cell_State": [
        9.712622018528806e-06,
        2.0385404218264728e-05,
        5.53063065173026e-05,
        0.00014526143972091326,
        0.00019466129339185996,
        0.00016833531914689119
    ],
    "Hidden_State": [
        7.069194934289369e-09,
        8.192092689970898e-09,
        -6.938893903907228e-18,
        2.008468481806691e-09,
        -2.3751833833074443e-14,
        6.938893903907228e-18
    ],
    "Parameters": {
        "VQC_1": [
            [
                [
                    5.594413821086164e-12,
                    1.5665246877460959e-12,
                    4.0234482412415673e-13
                ]
            ],
            [
                [
                    1.0125233984581428e-13,
                    2.531308496145357e-14,
                    6.217248937900877e-15
                ]
            ],
            [
                [
                    1.1102230246251565e-15,
                    6.661338147750939e-16,
                    0.0
                ]
            ],
            [
                [
                    0.0,
                    0.0,
                    0.0
                ]
            ],
            [
                [
                    0.0,
                    0.0,
                    0.0
                ]
            ],
            [
                [
                    0.0,
                    0.0,
                    0.0
                ]
            ],
            [
                [
                    0.0,
                    2.886579864025407e-15,
                    0.0
                ]
            ],
            [
                [
                    0.0,
                    2.6201263381153694e-14,
                    -1.7763568394002505e-15
                ]
            ],
            [
                [
                    -4.440892098500626e-16,
                    2.7611246622427643e-12,
                    -1.929567616798522e-13
                ]
            ],
            [
                [
                    -4.8627768478581856e-14,
                    1.2686074413181814e-11,
                    -8.399947404313934e-13
                ]
            ],
            [
                [
                    -2.0827783941967937e-13,
                    3.806377435466857e-11,
                    -2.474020988074699e-12
                ]
            ],
            [
                [
                    -6.146194664324867e-13,
                    2.9798608025544127e-11,
                    -1.928457393773897e-12
                ]
            ]
        ],
        "VQC_2": [
            [
                [
                    -4.791722574282176e-13,
                    -1.1945999744966684e-13,
                    -2.9531932455029164e-14
                ]
            ],
            [
                [
                    -7.105427357601002e-15,
                    -1.5543122344752192e-15,
                    -2.220446049250313e-16
                ]
            ],
            [
                [
                    0.0,
                    0.0,
                    0.0
                ]
            ],
            [
                [
                    0.0,
                    0.0,
                    0.0
                ]
            ],
            [
                [
                    0.0,
                    0.0,
                    0.0
                ]
            ],
            [
                [
                    0.0,
                    0.0,
                    0.0
                ]
            ],
            [
                [
                    0.0,
                    3.3306690738754696e-15,
                    -2.220446049250313e-16
                ]
            ],
            [
                [
                    0.0,
                    2.886579864025407e-14,
                    -2.6645352591003757e-15
                ]
            ],
            [
                [
                    -4.440892098500626e-16,
                    2.9978242110928477e-12,
                    -2.5268676040468563e-13
                ]
            ],
            [
                [
                    -6.261657858885883e-14,
                    1.4280132631938613e-11,
                    -1.2367884494324244e-12
                ]
            ],
            [
                [
                    -3.0531133177191805e-13,
                    4.307287859717235e-11,
                    -3.729017095110976e-12
                ]
            ],
            [
                [
                    -9.22595333463505e-13,
                    3.3871572213683976e-11,
                    -2.9747315721806444e-12
                ]
            ]
        ],