{
    "Training_Minutes": 0,
    "Epoch_Iterations": 3,
    "Epoch_Dates": [
        "Wed 3/19",
        "Fri 3/21",
        "Mon 3/24",
        "Fri 3/28",
        "Sun 3/30",
        "Tue 4/1",
        "Thu 4/3",
        "Sat 4/5",
        "Tue 4/8",
        "Thu 4/10",
        "Fri 4/11",
        "Sun 4/13",
        "Sat 4/19",
        "Tue 4/22",
        "Fri 4/25"
    ],
    "Losses": [
        [
            0.2881756910895265,
            0.07154071071111828,
            0.18227474262237686,
            0.2883373980679403,
            0.11174081818647277,
            0.05565042823530606,
            0.06574044678815454,
            0.19791915585500314,
            0.17920623225250687,
            0.08891316878073396,
            0.08504957392615087,
            0.08722193577087949,
            0.24977286392299547,
            0.04715625871571329
        ],
        [
            0.21323684879021204,
            0.04421747790637722,
            0.10905517662970053,
            0.2170262088631943,
            0.0662690193928182,
            0.031206467354121192,
            0.024775295031976084,
            0.11839393220816866,
            0.11752751250211263,
            0.03919450114113523,
            0.060556130434016,
            0.05618024806315299,
            0.1962146237812829,
            0.02693741880057505
        ],
        [
            0.16932991017052793,
            0.042208590829981296,
            0.03910030672212708,
            0.17386918105363738,
            0.04727860947643316,
            0.031377154065022395,
            0.009678068716332502,
            0.062094926802221,
            0.08438857253177533,
            0.015594868057993037,
            0.0592049463768054,
            0.023245394653567387,
            0.17599243527935512,
            0.016523373711611524
        ]
    ],
    "Prediction": [
        49.63844585396623,
        36.56387965506469,
        75.64741514934354,
        49.52484228246779,
        19.63511370019419,
        117.31726716725014
    ],
    "Cell_State": [
        1.3050968191318097e-05,
        3.13812215547518e-05,
        8.53645367389621e-05,
        0.00022291139214758874,
        0.0002933014063834044,
        0.0002565612500326594
    ],
    "Hidden_State": [
        1.6345056069039243e-08,
        1.881244353178768e-08,
        6.938893903907228e-18,
        4.757181877590444e-09,
        -8.596595657550665e-14,
        7.632783294297951e-17
    ],
    "Parameters": {
        "VQC_1": [
            [
                [
                    8.256284544927439e-12,
                    2.4014124022642136e-12,
                    6.212808045802376e-13
                ]
            ],
            [
                [
                    1.567634910770721e-13,
                    3.952393967665557e-14,
                    9.547918011776346e-15
                ]
            ],
            [
                [
                    1.9984014443252818e-15,
                    1.1102230246251565e-15,
                    0.0
                ]
            ],
            [
                [
                    0.0,
                    0.0,
                    0.0
                ]
            ],
            [
                [
                    0.0,
                    0.0,
                    0.0
                ]
            ],
            [
                [
                    0.0,
                    0.0,
                    0.0
                ]
            ],
            [
                [
                    0.0,
                    5.10702591327572e-15,
                    2.220446049250313e-16
                ]
            ],
            [
                [
                    0.0,
                    7.882583474838611e-14,
                    -5.329070518200751e-15
                ]
            ],
            [
                [
                    -1.3322676295501878e-15,
                    8.500311565740049e-12,
                    -5.748734821509061e-13
                ]
            ],
            [
                [
                    -1.4277468096679513e-13,
                    3.9994452194491714e-11,
                    -2.545741395465484e-12
                ]
            ],
            [
                [
                    -6.31050767196939e-13,
                    1.0029710395542679e-10,
                    -6.31494856406789e-12
                ]
            ],
            [
                [
                    -1.5663026431411708e-12,
                    7.48205941647484e-11,
                    -4.67803573656056e-12
                ]
            ]
        ],
        "VQC_2": [
            [
                [
                    -1.1601830607332886e-12,
                    -2.899902540320909e-13,
                    -7.194245199571014e-14
                ]
            ],
            [
                [
                    -1.7985612998927536e-14,
                    -4.440892098500626e-15,
                    -6.661338147750939e-16
                ]
            ],
            [
                [
                    0.0,
                    0.0,
                    0.0
                ]
            ],
            [
                [
                    0.0,
                    0.0,
                    0.0
                ]
            ],
            [
                [
                    0.0,
                    0.0,
                    0.0
                ]
            ],
            [
                [
                    0.0,
                    0.0,
                    0.0
                ]
            ],
            [
                [
                    0.0,
                    5.995204332975845e-15,
                    -6.661338147750939e-16
                ]
            ],
            [
                [
                    0.0,
                    8.748557434046234e-14,
                    -7.105427357601002e-15
                ]
            ],
            [
                [
                    -1.7763568394002505e-15,
                    9.368061881787071e-12,
                    -7.907008381380365e-13
                ]
            ],
            [
                [
                    -1.9695356456850277e-13,
                    4.5774495305295204e-11,
                    -3.9828140785402866e-12
                ]
            ],
            [
                [
                    -9.834355552129637e-13,
                    1.1542500288896917e-10,
                    -1.0103917702508625e-11
                ]
            ],
            [
                [
                    -2.4928947794933265e-12,
                    8.666400930223972e-11,
                    -7.718048422589163e-12
                ]
            ]
        ],