{
    "Training_Minutes": 0,
    "Epoch_Iterations": 2,
    "Epoch_Dates": [
        "Wed 3/19",
        "Fri 3/21",
        "Mon 3/24",
        "Fri 3/28",
        "Sun 3/30",
        "Tue 4/1",
        "Thu 4/3",
        "Sat 4/5",
        "Tue 4/8",
        "Thu 4/10",
        "Fri 4/11",
        "Sun 4/13",
        "Sat 4/19",
        "Tue 4/22",
        "Fri 4/25"
    ],
    "Losses": [
        [
            0.2881756910895265,
            0.07154071071111828,
            0.18227474262237686,
            0.2883373980679403,
            0.11174081818647277,
            0.05565042823530606,
            0.06574044678815454,
            0.19791915585500314,
            0.17920623225250687,
            0.08891316878073396,
            0.08504957392615087,
            0.08722193577087949,
            0.24977286392299547,
            0.04715625871571329
        ],
        [
            0.21323684879021204,
            0.04421747790637722,
            0.10905517662970053,
            0.2170262088631943,
            0.0662690193928182,
            0.031206467354121192,
            0.024775295031976084,
            0.11839393220816866,
            0.11752751250211263,
            0.03919450114113523,
            0.060556130434016,
            0.05618024806315299,
            0.1962146237812829,
            0.02693741880057505
        ]
    ],
    "Prediction": [
        49.88638385431932,
        41.13999569751308,
        68.07250383846954,
        49.64994707389424,
        21.033287531842014,
        114.89091355487169
    ],
    "Cell_State": [
        1.0738858421613104e-05,
        2.275201488943313e-05,
        6.151488297797151e-05,
        0.00015583863797235669,
        0.0002050139826569858,
        0.0001762981812869357
    ],
    "Hidden_State": [
        7.987275008058958e-09,
        9.035898031542478e-09,
        -2.0816681711721685e-17,
        2.396598829113028e-09,
        -3.087113897848326e-14,
        -6.938893903907228e-18
    ],
    "Parameters": {
        "VQC_1": [
            [
                [
                    5.200950781159008e-12,
                    1.4577228313328305e-12,
                    3.739231146937527e-13
                ]
            ],
            [
                [
                    9.43689570931383e-14,
                    2.398081733190338e-14,
                    5.773159728050814e-15
                ]
            ],
            [
                [
                    1.1102230246251565e-15,
                    4.440892098500626e-16,
                    0.0
                ]
            ],
            [
                [
                    0.0,
                    0.0,
                    0.0
                ]
            ],
            [
                [
                    0.0,
                    0.0,
                    0.0
                ]
            ],
            [
                [
                    0.0,
                    0.0,
                    0.0
                ]
            ],
            [
                [
                    0.0,
                    3.9968028886505635e-15,
                    0.0
                ]
            ],
            [
                [
                    0.0,
                    3.175237850427948e-14,
                    -2.220446049250313e-15
                ]
            ],
            [
                [
                    -4.440892098500626e-16,
                    3.2993607845810402e-12,
                    -2.2426505097428162e-13
                ]
            ],
            [
                [
                    -5.5289106626332796e-14,
                    1.4301004824801566e-11,
                    -9.048317650695026e-13
                ]
            ],
            [
                [
                    -2.2426505097428162e-13,
                    3.862932196341262e-11,
                    -2.398303777795263e-12
                ]
            ],
            [
                [
                    -5.946354519892338e-13,
                    2.927169617805703e-11,
                    -1.8025581027814042e-12
                ]
            ]
        ],
        "VQC_2": [
            [
                [
                    -4.474198789239381e-13,
                    -1.1168843627729075e-13,
                    -2.731148640577885e-14
                ]
            ],
            [
                [
                    -6.661338147750939e-15,
                    -1.5543122344752192e-15,
                    -2.220446049250313e-16
                ]
            ],
            [
                [
                    0.0,
                    0.0,
                    0.0
                ]
            ],
            [
                [
                    0.0,
                    0.0,
                    0.0
                ]
            ],
            [
                [
                    0.0,
                    0.0,
                    0.0
                ]
            ],
            [
                [
                    0.0,
                    0.0,
                    0.0
                ]
            ],
            [
                [
                    0.0,
                    4.440892098500626e-15,
                    -2.220446049250313e-16
                ]
            ],
            [
                [
                    0.0,
                    3.5083047578154947e-14,
                    -2.886579864025407e-15
                ]
            ],
            [
                [
                    -6.661338147750939e-16,
                    3.6279867998700865e-12,
                    -3.055333763768431e-13
                ]
            ],
            [
                [
                    -7.638334409421077e-14,
                    1.6394219315429837e-11,
                    -1.425304319013776e-12
                ]
            ],
            [
                [
                    -3.517186542012496e-13,
                    4.455791291491096e-11,
                    -3.8833380955338725e-12
                ]
            ],
            [
                [
                    -9.590106486712102e-13,
                    3.3927527454125084e-11,
                    -2.998934434117473e-12
                ]
            ]
        ],