{
    "Training_Minutes": 0,
    "Epoch_Iterations": 4,
    "Epoch_Dates": [
        "Wed 3/19",
        "Fri 3/21",
        "Mon 3/24",
        "Fri 3/28",
        "Sun 3/30",
        "Tue 4/1",
        "Thu 4/3",
        "Sat 4/5",
        "Tue 4/8",
        "Thu 4/10",
        "Fri 4/11",
        "Sun 4/13",
        "Sat 4/19",
        "Tue 4/22",
        "Fri 4/25"
    ],
    "Losses": [
        [
            0.2881756910895265,
            0.07154071071111828,
            0.18227474262237686,
            0.2883373980679403,
            0.11174081818647277,
            0.05565042823530606,
            0.06574044678815454,
            0.19791915585500314,
            0.17920623225250687,
            0.08891316878073396,
            0.08504957392615087,
            0.08722193577087949,
            0.24977286392299547,
            0.04715625871571329
        ],
        [
            0.21323684879021204,
            0.04421747790637722,
            0.10905517662970053,
            0.2170262088631943,
            0.0662690193928182,
            0.031206467354121192,
            0.024775295031976084,
            0.11839393220816866,
            0.11752751250211263,
            0.03919450114113523,
            0.060556130434016,
            0.05618024806315299,
            0.1962146237812829,
            0.02693741880057505
        ],
        [
            0.16932991017052793,
            0.042208590829981296,
            0.03910030672212708,
            0.17386918105363738,
            0.04727860947643316,
            0.031377154065022395,
            0.009678068716332502,
            0.062094926802221,
            0.08438857253177533,
            0.015594868057993037,
            0.0592049463768054,
            0.023245394653567387,
            0.17599243527935512,
            0.016523373711611524
        ],
        [
            0.15198500637545395,
            0.058971807638790036,
            0.03766063599669225,
            0.1519462607181893,
            0.04712548351396897,
            0.05027352144748643,
            0.011782729357633389,
            0.03824439353257215,
            0.07434753555154688,
            0.011394421239728114,
            0.07455452862767975,
            0.0306826249464973,
            0.16526928132965873,
            0.025037103894715296
        ]
    ],
    "Prediction": [
        49.390516717434245,
        32.21639429809341,
        81.90886535240895,
        49.399708247262275,
        18.304807455281242,
        119.72033064485234
    ],
    "Cell_State": [
        3.441134130012956e-06,
        1.8055040281960512e-05,
        6.741543748080349e-05,
        0.00017738718469514846,
        0.0002342394023058822,
        0.0002085075084131275
    ],
    "Hidden_State": [
        1.0387766948699584e-08,
        1.221016843015732e-08,
        -7.632783294297951e-17,
        2.989658701157971e-09,
        -3.172462292866385e-14,
        -1.1102230246251565e-16
    ],
    "Parameters": {
        "VQC_1": [
            [
                [
                    3.751887689418254e-12,
                    9.019451852054772e-13,
                    2.2293278334473143e-13
                ]
            ],
            [
                [
                    5.595524044110789e-14,
                    1.4432899320127035e-14,
                    3.1086244689504383e-15
                ]
            ],
            [
                [
                    6.661338147750939e-16,
                    6.661338147750939e-16,
                    0.0
                ]
            ],
            [
                [
                    0.0,
                    0.0,
                    0.0
                ]
            ],
            [
                [
                    0.0,
                    0.0,
                    0.0
                ]
            ],
            [
                [
                    0.0,
                    0.0,
                    0.0
                ]
            ],
            [
                [
                    0.0,
                    -9.325873406851315e-15,
                    1.5543122344752192e-15
                ]
            ],
            [
                [
                    0.0,
                    -5.417888360170764e-14,
                    3.774758283725532e-15
                ]
            ],
            [
                [
                    1.1102230246251565e-15,
                    9.886536034287019e-12,
                    -6.492584248007915e-13
                ]
            ],
            [
                [
                    -1.6142642778049776e-13,
                    3.277511595456417e-11,
                    -2.001065979584382e-12
                ]
            ],
            [
                [
                    -4.978240042419202e-13,
                    4.625588800877267e-11,
                    -2.984723579402271e-12
                ]
            ],
            [
                [
                    -7.405187574249794e-13,
                    2.7235769195499415e-11,
                    -1.793676318584403e-12
                ]
            ]
        ],
        "VQC_2": [
            [
                [
                    -4.4497738826976274e-13,
                    -1.1102230246251565e-13,
                    -2.7755575615628914e-14
                ]
            ],
            [
                [
                    -6.439293542825908e-15,
                    -1.9984014443252818e-15,
                    0.0
                ]
            ],
            [
                [
                    0.0,
                    0.0,
                    0.0
                ]
            ],
            [
                [
                    0.0,
                    0.0,
                    0.0
                ]
            ],
            [
                [
                    0.0,
                    0.0,
                    0.0
                ]
            ],
            [
                [
                    0.0,
                    0.0,
                    0.0
                ]
            ],
            [
                [
                    0.0,
                    -9.547918011776346e-15,
                    6.661338147750939e-16
                ]
            ],
            [
                [
                    4.440892098500626e-16,
                    -6.039613253960852e-14,
                    5.995204332975845e-15
                ]
            ],
            [
                [
                    1.5543122344752192e-15,
                    1.095634694081582e-11,
                    -9.159339953157541e-13
                ]
            ],
            [
                [
                    -2.289279876777073e-13,
                    3.766187361975426e-11,
                    -3.2227553958819044e-12
                ]
            ],
            [
                [
                    -8.006928453596629e-13,
                    5.2774451475556816e-11,
                    -4.6347370386001785e-12
                ]
            ],
            [
                [
                    -1.1446399383885364e-12,
                    3.1251889964778456e-11,
                    -2.8337332480532496e-12
                ]
            ]
        ],