{
    "Training_Minutes": 28.76666666666665,
    "Epoch_Iterations": 3,
    "Epoch_Dates": [
        "Fri 10/4",
        "Fri 10/11",
        "Sun 10/13",
        "Wed 10/16",
        "Thu 10/17",
        "Tue 10/22",
        "Thu 10/24",
        "Sat 10/26",
        "Tue 10/29",
        "Fri 11/1",
        "Sat 11/2",
        "Mon 11/4",
        "Thu 11/7",
        "Fri 11/8",
        "Sun 11/10",
        "Tue 11/12",
        "Wed 11/13",
        "Fri 11/15",
        "Sun 11/17",
        "Thu 11/21",
        "Sun 11/24",
        "Tue 11/26",
        "Wed 11/27",
        "Fri 11/29",
        "Mon 12/2",
        "Wed 12/4",
        "Fri 12/6",
        "Sun 12/8",
        "Fri 12/13",
        "Sun 12/15",
        "Thu 12/19",
        "Sat 12/21",
        "Mon 12/23",
        "Wed 12/25",
        "Fri 12/27",
        "Sun 12/29",
        "Tue 12/31",
        "Thu 1/2",
        "Sat 1/4",
        "Mon 1/6",
        "Tue 1/7",
        "Thu 1/9",
        "Sat 1/11",
        "Mon 1/13",
        "Wed 1/15",
        "Fri 1/17",
        "Sat 1/18",
        "Mon 1/20",
        "Wed 1/22",
        "Sat 1/25"
    ],
    "Losses": [
        [
            0.10417668762260975,
            0.1774354248145394,
            0.1723020092011643,
            0.07960068928406627,
            0.059541949099526446,
            0.08720129220753804,
            0.016245106402004744,
            0.020571566527481735,
            0.030159911941205386,
            0.08446388637218591,
            0.01636741618014497,
            0.1065010099362489,
            0.03794297338171439,
            0.1441948071193272,
            0.17069816014894731,
            0.05031403789207018,
            0.025559296331150023,
            0.045124001226962286,
            0.04564207401365006,
            0.09689732271044625,
            0.035276178958920094,
            0.04838049867773465,
            0.11759421228570562,
            0.04674299002077983,
            0.16583731536139504,
            0.04488590456970894,
            0.07762654704721841,
            0.1030630711135816,
            0.03972196832301034,
            0.14584155203842894,
            0.11005542265595347,
            0.0894815305091134,
            0.11397927533949892,
            0.29982964648579125,
            0.1764806928975458,
            0.05894720369156771,
            0.1501894889371769,
            0.08827581700692484,
            0.26919331069176716,
            0.1825056374659314,
            0.11865618412251852,
            0.17563120844304103,
            0.16354732416519518,
            0.15559170837110936,
            0.25420733984690325,
            0.18066434437018145,
            0.12777411842598954,
            0.10811257509682805,
            0.2632590558560912
        ],
        [
            0.10264716963959565,
            0.1376997622739449,
            0.06032997247072359,
            0.2673910750016546,
            0.12589526585500369,
            0.11955027006427961,
            0.15341619649734514,
            0.32332705000939055,
            0.1851845454939078,
            0.17977812275469432,
            0.2931693251565754,
            0.1680627797323939,
            0.26025777217179685,
            0.2854493711827738,
            0.34095053656350954,
            0.1168463340130176,
            0.1521533280254265,
            0.2554406294497541,
            0.21285907828790568,
            0.21841204347448323,
            0.12311434029696193,
            0.2286465965592994,
            0.33140276136917274,
            0.23805524402891323,
            0.41862905720268107,
            0.2040869926868925,
            0.27260078438403107,
            0.2829838046828728,
            0.16675028755443602,
            0.3216962757789351,
            0.2472875989404851,
            0.25925577099394725,
            0.2570641362340849,
            0.5133015378242195,
            0.24451587507559167,
            0.21800357140727822,
            0.29452480895079525,
            0.22702316228797093,
            0.4374362926201538,
            0.35110161908496307,
            0.22225302921343998,
            0.3535088021960343,
            0.3420690463640659,
            0.27787797845227075,
            0.4424829601635828,
            0.2611422363660193,
            0.25337946885372387,
            0.2647148629754959,
            0.4736968502785082
        ],
        [
            0.23140285789234633,
            0.217430811656894,
            0.164494831644952,
            0.4275371734175124,
            0.22574396965400653,
            0.23309713359921638,
            0.28973410632990193,
            0.49506766196907087,
            0.34306594043277033,
            0.2675664952579094,
            0.4545806036884191,
            0.29587575009762995,
            0.42860116703540796,
            0.4568658292422138,
            0.5242868172251385,
            0.22009462428760537,
            0.2619184831031684,
            0.3814520013945783,
            0.35822346087710805,
            0.2981083403151986,
            0.24020354869975244,
            0.375504457795776,
            0.500032683125862,
            0.365874939380862,
            0.6111873754848055,
            0.3540315221999957,
            0.397358916278518,
            0.4326738126746408,
            0.27566554819533046,
            0.4269918331295091,
            0.33532903725470076,
            0.41418107682136285,
            0.3501818466818331,
            0.6271082703617463,
            0.30928871697380456,
            0.3545199840127855,
            0.37649003861122904,
            0.32817744547660865,
            0.5480478201051718,
            0.48339711449635775,
            0.2988140831641568,
            0.47692800539648417,
            0.47928492638830006,
            0.35539455238041884,
            0.5511880405827172,
            0.31045034030107466,
            0.35428558173385066,
            0.38333773012352507,
            0.6220969435983924
        ]
    ],
    "Prediction": [
        14.475511526912433,
        0.7285580083453036,
        99.76382199634155,
        41.285344400664584,
        15.59314037906511,
        124.76652497637441
    ],
    "Cell_State": [
        -0.02531661928590449,
        -0.06513921658421246,
        -0.10282118153396702,
        -0.12520942349993766,
        -0.10053372037094273,
        -0.03394527010866986
    ],
    "Hidden_State": [
        0.0031617984180515382,
        0.0008546510251813324,
        6.793323449882926e-07,
        0.0032337125240076287,
        2.8476507543312435e-05,
        3.5244864846073476e-07
    ],