{
    "Training_Minutes": 0,
    "Epoch_Iterations": 3,
    "Epoch_Dates": [
        "Wed 3/19",
        "Fri 3/21",
        "Mon 3/24",
        "Fri 3/28",
        "Sun 3/30",
        "Tue 4/1",
        "Thu 4/3",
        "Sat 4/5",
        "Tue 4/8",
        "Thu 4/10",
        "Fri 4/11",
        "Sun 4/13",
        "Sat 4/19",
        "Tue 4/22",
        "Fri 4/25"
    ],
    "Losses": [
        [
            0.2881756910895255,
            0.07156705732555119,
            0.1825492210262602,
            0.28851963202251535,
            0.11224205084997405,
            0.05610673731750586,
            0.06671810206799135,
            0.2000368409309826,
            0.1818115216953964,
            0.09130841168004056,
            0.08693231045540446,
            0.08975793850840717,
            0.25364477734795415,
            0.04959892905736805
        ],
        [
            0.21906496254746624,
            0.045561509923557744,
            0.11610496822471812,
            0.22428922469129753,
            0.0712860874248165,
            0.03321546352415925,
            0.02988746933248161,
            0.1306673606776425,
            0.12835465385938616,
            0.047801828115466474,
            0.06433303047788266,
            0.06153406567302978,
            0.20715695378907212,
            0.030088809821272017
        ],
        [
            0.18002698268672915,
            0.04000368484438296,
            0.07826094313396595,
            0.18682609771200617,
            0.052252242016364775,
            0.028723423930704615,
            0.013729289352834672,
            0.08808425498359913,
            0.09841596237794101,
            0.024959826005135695,
            0.05799103600828256,
            0.05078454120129691,
            0.18096887028063327,
            0.025019307300106822
        ]
    ],
    "Prediction": [
        49.813917553374075,
        39.61115278651601,
        70.94094068304409,
        49.528574182526995,
        20.48349171639356,
        115.52669496940044
    ],
    "Cell_State": [
        1.4829155780472924e-05,
        3.1201476635289744e-05,
        8.836372031359011e-05,
        0.0002335914844054376,
        0.0003116287995966537,
        0.0002823222027969732
    ],
    "Hidden_State": [
        1.8198458143214857e-08,
        2.1994931792557182e-08,
        1.3877787807814457e-17,
        5.1602531483951886e-09,
        -9.730410921449106e-14,
        6.938893903907228e-18
    ],
    "Parameters": {
        "VQC_1": [
            [
                [
                    1.3658407738148526e-11,
                    4.011679877180541e-12,
                    1.0407230632836217e-12
                ]
            ],
            [
                [
                    2.62456723021387e-13,
                    6.572520305780927e-14,
                    1.6209256159527285e-14
                ]
            ],
            [
                [
                    3.9968028886505635e-15,
                    1.1102230246251565e-15,
                    2.220446049250313e-16
                ]
            ],
            [
                [
                    0.0,
                    0.0,
                    0.0
                ]
            ],
            [
                [
                    0.0,
                    0.0,
                    0.0
                ]
            ],
            [
                [
                    0.0,
                    0.0,
                    0.0
                ]
            ],
            [
                [
                    0.0,
                    1.021405182655144e-14,
                    -6.661338147750939e-16
                ]
            ],
            [
                [
                    0.0,
                    9.126033262418787e-14,
                    -6.661338147750939e-15
                ]
            ],
            [
                [
                    -1.1102230246251565e-15,
                    9.900968933607146e-12,
                    -6.914468997365475e-13
                ]
            ],
            [
                [
                    -1.7252865802674933e-13,
                    4.5809800397478284e-11,
                    -3.055999897583206e-12
                ]
            ],
            [
                [
                    -7.569500581894317e-13,
                    1.2864176390792181e-10,
                    -8.478995283667246e-12
                ]
            ],
            [
                [
                    -2.1036505870597466e-12,
                    1.0414247242351848e-10,
                    -6.836975430246639e-12
                ]
            ]
        ],
        "VQC_2": [
            [
                [
                    -1.6964207816272392e-12,
                    -4.2299497238218464e-13,
                    -1.0524914273446484e-13
                ]
            ],
            [
                [
                    -2.5979218776228663e-14,
                    -6.217248937900877e-15,
                    -1.1102230246251565e-15
                ]
            ],
            [
                [
                    0.0,
                    0.0,
                    0.0
                ]
            ],
            [
                [
                    0.0,
                    0.0,
                    0.0
                ]
            ],
            [
                [
                    0.0,
                    0.0,
                    0.0
                ]
            ],
            [
                [
                    0.0,
                    0.0,
                    0.0
                ]
            ],
            [
                [
                    0.0,
                    1.0880185641326534e-14,
                    -1.1102230246251565e-15
                ]
            ],
            [
                [
                    0.0,
                    9.903189379656396e-14,
                    -8.881784197001252e-15
                ]
            ],
            [
                [
                    -1.7763568394002505e-15,
                    1.0765610625185218e-11,
                    -9.07496300328603e-13
                ]
            ],
            [
                [
                    -2.2581936320875684e-13,
                    5.1526782840483065e-11,
                    -4.4784176367329565e-12
                ]
            ],
            [
                [
                    -1.1055600879217309e-12,
                    1.4537548942428202e-10,
                    -1.2668310844787811e-11
                ]
            ],
            [
                [
                    -3.1292746172084662e-12,
                    1.1836709390422584e-10,
                    -1.0480727397066403e-11
                ]
            ]
        ],