{
    "Training_Minutes": 8.049999999999955,
    "Epoch_Iterations": 1,
    "Epoch_Dates": [
        "Fri 10/4",
        "Fri 10/11",
        "Sun 10/13",
        "Wed 10/16",
        "Thu 10/17",
        "Tue 10/22",
        "Thu 10/24",
        "Sat 10/26",
        "Tue 10/29",
        "Fri 11/1",
        "Sat 11/2",
        "Mon 11/4",
        "Thu 11/7",
        "Fri 11/8",
        "Sun 11/10",
        "Tue 11/12",
        "Wed 11/13",
        "Fri 11/15",
        "Sun 11/17",
        "Thu 11/21",
        "Sun 11/24",
        "Tue 11/26",
        "Wed 11/27",
        "Fri 11/29",
        "Mon 12/2",
        "Wed 12/4",
        "Fri 12/6",
        "Sun 12/8",
        "Fri 12/13",
        "Sun 12/15",
        "Thu 12/19",
        "Sat 12/21",
        "Mon 12/23",
        "Wed 12/25",
        "Fri 12/27",
        "Sun 12/29",
        "Tue 12/31",
        "Thu 1/2",
        "Sat 1/4",
        "Mon 1/6",
        "Tue 1/7",
        "Thu 1/9",
        "Sat 1/11",
        "Mon 1/13",
        "Wed 1/15",
        "Fri 1/17",
        "Sat 1/18",
        "Mon 1/20",
        "Wed 1/22",
        "Sat 1/25",
        "Mon 1/27",
        "Wed 1/29",
        "Thu 1/30",
        "Sat 2/1",
        "Mon 2/3",
        "Wed 2/5",
        "Thu 2/6",
        "Sat 2/8",
        "Mon 2/10",
        "Wed 2/12",
        "Thu 2/13",
        "Fri 2/21",
        "Sun 2/23",
        "Mon 2/24",
        "Thu 2/27",
        "Fri 2/28",
        "Sun 3/2",
        "Tue 3/4",
        "Wed 3/5",
        "Fri 3/7",
        "Sun 3/9",
        "Wed 3/12",
        "Fri 3/14",
        "Sun 3/16",
        "Mon 3/17",
        "Wed 3/19",
        "Fri 3/21",
        "Mon 3/24",
        "Fri 3/28",
        "Sun 3/30"
    ],
    "Losses": [
        [
            0.11573932725816809,
            0.20975278673124015,
            0.2279648434324034,
            0.09899676133504666,
            0.1012178334569239,
            0.1524253876791485,
            0.059208353370875016,
            0.022397944279824368,
            0.08174053385082723,
            0.14390629042050013,
            0.02388069378660954,
            0.23130853210240765,
            0.06597861333612803,
            0.19187953524138673,
            0.2504224966544835,
            0.12125161269689819,
            0.10037585279695972,
            0.04889905132084733,
            0.0799407146888588,
            0.11361911588404584,
            0.11465309732249097,
            0.07454816154684761,
            0.09551386704966346,
            0.03194659038773107,
            0.10760966159611306,
            0.08830185403808619,
            0.015990683282151478,
            0.06192811575777528,
            0.04901161263401008,
            0.023694105128378586,
            0.024186952603183258,
            0.12644567715442903,
            0.054039926680682304,
            0.07032975969565529,
            0.15682352028210103,
            0.07814336479125554,
            0.09075988562385877,
            0.03711624132089831,
            0.08061226924691922,
            0.05488057494272712,
            0.05268596377442203,
            0.03465776788635428,
            0.0421287551268013,
            0.04637841805619956,
            0.05700540218236589,
            0.14582324337077474,
            0.0353712858897875,
            0.017826415575142314,
            0.10677611334493427,
            0.07302191634218136,
            0.0557812385546015,
            0.14185500848991478,
            0.01149043498000945,
            0.12580602314501577,
            0.13960667375575062,
            0.04233548541179437,
            0.05212355049108257,
            0.02654304170497488,
            0.11726294242202849,
            0.09491204615507863,
            0.02745785573695294,
            0.029421324461336867,
            0.052117863884213106,
            0.034774907366596663,
            0.01424500468791152,
            0.07560196165312229,
            0.07254946232829765,
            0.10457753017449781,
            0.12409937756002343,
            0.10914951835192482,
            0.04688968653352391,
            0.0654538098116142,
            0.07263142818238214,
            0.04044286763844542,
            0.028476988749519157,
            0.1269430273125317,
            0.11391889044778225,
            0.06578649404028061,
            0.02041759128922936
        ]
    ],
    "Prediction": [
        43.07930204910265,
        27.42985465836648,
        91.27785281365335,
        48.5745960930874,
        20.480401231165953,
        118.10301334454493
    ],
    "Cell_State": [
        -2.2150422327455484e-05,
        -0.00025758067529894885,
        -0.0002937128636736548,
        -0.0002967643366830747,
        -0.000246328611010389,
        -2.3283716294858683e-05
    ],
    "Hidden_State": [
        1.827538645762794e-08,
        1.4338614046094378e-09,
        0.0,
        2.179087543741076e-08,
        2.2012947020755291e-13,
        0.0
    ],
    "Parameters": {
        "VQC_1": [
            [
                [
                    0.0,
                    0.0,
                    0.0
                ]
            ],
            [
                [
                    0.0,
                    0.0,
                    0.0
                ]
            ],
            [
                [
                    0.0,
                    -4.896214544913846e-10,
                    0.0
                ]
            ],
            [
                [
                    0.0,
                    -5.259848112615373e-10,
                    0.0
                ]
            ],
            [
                [
                    0.0,
                    -2.8997559908816584e-10,
                    0.0
                ]
            ],
            [
                [
                    0.0,
                    -9.668155165343251e-11,
                    0.0
                ]
            ],
            [
                [
                    0.0,
                    0.0,
                    0.0
                ]
            ],
            [
                [
                    0.0,
                    0.0,
                    0.0
                ]
            ],
            [
                [
                    0.0,
                    -2.497617668240082e-10,
                    0.0
                ]
            ],
            [
                [
                    0.0,
                    -4.3483816547507104e-10,
                    0.0
                ]
            ],
            [
                [
                    0.0,
                    -2.881292981982142e-10,
                    0.0
                ]
            ],
            [
                [
                    0.0,
                    -1.6486123577408307e-10,
                    0.0
                ]
            ]
        ],