{
    "Training_Minutes": 0,
    "Epoch_Iterations": 4,
    "Epoch_Dates": [
        "Wed 3/19",
        "Fri 3/21",
        "Mon 3/24",
        "Fri 3/28",
        "Sun 3/30",
        "Tue 4/1",
        "Thu 4/3",
        "Sat 4/5",
        "Tue 4/8",
        "Thu 4/10",
        "Fri 4/11",
        "Sun 4/13",
        "Sat 4/19",
        "Tue 4/22",
        "Fri 4/25"
    ],
    "Losses": [
        [
            0.2881756910895255,
            0.07156705732555119,
            0.1825492210262602,
            0.28851963202251535,
            0.11224205084997405,
            0.05610673731750586,
            0.06671810206799135,
            0.2000368409309826,
            0.1818115216953964,
            0.09130841168004056,
            0.08693231045540446,
            0.08975793850840717,
            0.25364477734795415,
            0.04959892905736805
        ],
        [
            0.21906496254746624,
            0.045561509923557744,
            0.11610496822471812,
            0.22428922469129753,
            0.0712860874248165,
            0.03321546352415925,
            0.02988746933248161,
            0.1306673606776425,
            0.12835465385938616,
            0.047801828115466474,
            0.06433303047788266,
            0.06153406567302978,
            0.20715695378907212,
            0.030088809821272017
        ],
        [
            0.18002698268672915,
            0.04000368484438296,
            0.07826094313396595,
            0.18682609771200617,
            0.052252242016364775,
            0.028723423930704615,
            0.013729289352834672,
            0.08808425498359913,
            0.09841596237794101,
            0.024959826005135695,
            0.05799103600828256,
            0.05078454120129691,
            0.18096887028063327,
            0.025019307300106822
        ],
        [
            0.15995029253542567,
            0.045419349222434284,
            0.058340333571768835,
            0.1659148253163427,
            0.0458720450457526,
            0.03409823425134561,
            0.009458527058247313,
            0.062487707655940326,
            0.0828453076135996,
            0.014364024383867649,
            0.060446901341720316,
            0.049864405602776544,
            0.1670647778898906,
            0.02768833685497004
        ]
    ],
    "Prediction": [
        49.77074906326672,
        37.27112653181626,
        75.19880413655964,
        49.4191452209352,
        19.694780500361116,
        116.80285128960749
    ],
    "Cell_State": [
        1.570519916799842e-05,
        3.4214237823584713e-05,
        0.00010608736291638137,
        0.00028102728433402675,
        0.0003746217448802222,
        0.0003486376820446967
    ],
    "Hidden_State": [
        2.631973218883421e-08,
        3.265181308144405e-08,
        6.245004513516506e-17,
        7.45336087987214e-09,
        -1.5825535326641216e-13,
        1.457167719820518e-16
    ],
    "Parameters": {
        "VQC_1": [
            [
                [
                    1.8057111361713396e-11,
                    5.415889958726439e-12,
                    1.410649375088724e-12
                ]
            ],
            [
                [
                    3.5571545708990016e-13,
                    8.926193117986259e-14,
                    2.220446049250313e-14
                ]
            ],
            [
                [
                    5.329070518200751e-15,
                    1.5543122344752192e-15,
                    4.440892098500626e-16
                ]
            ],
            [
                [
                    0.0,
                    0.0,
                    0.0
                ]
            ],
            [
                [
                    0.0,
                    0.0,
                    0.0
                ]
            ],
            [
                [
                    0.0,
                    0.0,
                    0.0
                ]
            ],
            [
                [
                    0.0,
                    8.215650382226158e-15,
                    -1.1102230246251565e-15
                ]
            ],
            [
                [
                    2.220446049250313e-16,
                    9.459100169806334e-14,
                    -7.105427357601002e-15
                ]
            ],
            [
                [
                    -6.661338147750939e-16,
                    1.943600835829784e-11,
                    -1.34781075189494e-12
                ]
            ],
            [
                [
                    -3.361755318564974e-13,
                    8.110001559202829e-11,
                    -5.38991073995021e-12
                ]
            ],
            [
                [
                    -1.3353762540191383e-12,
                    1.9338641799038214e-10,
                    -1.291100559797087e-11
                ]
            ],
            [
                [
                    -3.199884801574626e-12,
                    1.5722978474741467e-10,
                    -1.0470957434449701e-11
                ]
            ]
        ],
        "VQC_2": [
            [
                [
                    -2.594369163944066e-12,
                    -6.470379787515412e-13,
                    -1.609823385706477e-13
                ]
            ],
            [
                [
                    -3.9745984281580604e-14,
                    -9.769962616701378e-15,
                    -1.5543122344752192e-15
                ]
            ],
            [
                [
                    -2.220446049250313e-16,
                    0.0,
                    0.0
                ]
            ],
            [
                [
                    0.0,
                    0.0,
                    0.0
                ]
            ],
            [
                [
                    0.0,
                    0.0,
                    0.0
                ]
            ],
            [
                [
                    0.0,
                    0.0,
                    0.0
                ]
            ],
            [
                [
                    0.0,
                    8.659739592076221e-15,
                    -6.661338147750939e-16
                ]
            ],
            [
                [
                    2.220446049250313e-16,
                    1.0236256287043943e-13,
                    -9.103828801926284e-15
                ]
            ],
            [
                [
                    -1.9984014443252818e-15,
                    2.117483965946576e-11,
                    -1.7821299991283013e-12
                ]
            ],
            [
                [
                    -4.440892098500626e-13,
                    9.125700195511399e-11,
                    -7.919442879256167e-12
                ]
            ],
            [
                [
                    -1.956657058599376e-12,
                    2.1822188500664197e-10,
                    -1.9133583606389948e-11
                ]
            ],
            [
                [
                    -4.71911398847169e-12,
                    1.7864154600033544e-10,
                    -1.5945689213481273e-11
                ]
            ]
        ],