{
    "Training_Minutes": 0,
    "Epoch_Iterations": 8,
    "Epoch_Dates": [
        "Wed 3/19",
        "Fri 3/21",
        "Mon 3/24",
        "Fri 3/28",
        "Sun 3/30",
        "Tue 4/1",
        "Thu 4/3",
        "Sat 4/5",
        "Tue 4/8",
        "Thu 4/10",
        "Fri 4/11",
        "Sun 4/13",
        "Sat 4/19",
        "Tue 4/22",
        "Fri 4/25"
    ],
    "Losses": [
        [
            0.2881756910895244,
            0.0715779878304956,
            0.18266207729586684,
            0.2885948700133109,
            0.11244700997137289,
            0.05629305651414865,
            0.06711440103312692,
            0.20088735511920963,
            0.1828507093616793,
            0.09226910912849963,
            0.08769284392082742,
            0.09077371703920334,
            0.25518260922287106,
            0.05058527814587411
        ],
        [
            0.22135229021563785,
            0.04614807605658215,
            0.11887982957783487,
            0.22715198260839198,
            0.07330058024909818,
            0.034130586203238535,
            0.0319883535852529,
            0.13547264840208065,
            0.1326217650974145,
            0.05128091990347908,
            0.0660660994432821,
            0.06391807927518499,
            0.21162587463737867,
            0.03173498542377924
        ],
        [
            0.18497395018221868,
            0.03984374755117345,
            0.08370648564880494,
            0.1925530446910525,
            0.055128448567677825,
            0.028607966897399972,
            0.016223238698160707,
            0.09652892039689669,
            0.10488243954724538,
            0.029772593447706112,
            0.05883942143794096,
            0.052676852238038224,
            0.18715482829708874,
            0.025470704608829598
        ],
        [
            0.16573798157266553,
            0.04240632365138438,
            0.06464857832181295,
            0.1730782181763267,
            0.047834929220026697,
            0.03083387255047619,
            0.010435102045038447,
            0.07299053102668197,
            0.08967038836249855,
            0.018825548811043997,
            0.058551440384966874,
            0.049318845530263666,
            0.17336529936586384,
            0.025278202226749397
        ],
        [
            0.15582182755478538,
            0.04858091180349691,
            0.054442933141911974,
            0.16207605651167667,
            0.04600391660945077,
            0.03625191151926122,
            0.009583383473251845,
            0.058427180445372935,
            0.08137998274033167,
            0.013561259164485978,
            0.06137090564792141,
            0.04975230902079921,
            0.1655793169222939,
            0.02783216771912659
        ],
        [
            0.15091824391398706,
            0.055853370546279826,
            0.04908211904932575,
            0.1558834126658533,
            0.04683204387890856,
            0.04265627254775682,
            0.011058318662347582,
            0.04918618515991968,
            0.07693315585925314,
            0.01135548989499179,
            0.06539310614058536,
            0.051874167719954074,
            0.16121258880590314,
            0.03147327025444208
        ],
        [
            0.14869204263195848,
            0.063077119278927,
            0.04637447446393845,
            0.15246923177713415,
            0.048876809781765625,
            0.0490253792233301,
            0.013524230380399124,
            0.04317500377546568,
            0.07463364294930859,
            0.010787799272763658,
            0.06969196513195212,
            0.05461959143387115,
            0.15882001851188415,
            0.035386849752012076
        ],
        [
            0.14787487679164657,
            0.0697676066247025,
            0.04511406736763863,
            0.15068537137697705,
            0.05139627616859894,
            0.0549201359752277,
            0.01630438496732625,
            0.0391710550308888,
            0.07353498607368394,
            0.011080082884627989,
            0.07383418066760329,
            0.057461072599587125,
            0.1575790260495811,
            0.03918547723931905
        ]
    ],
    "Prediction": [
        49.68868533643601,
        34.57097390395836,
        80.46869454106908,
        49.255760427648966,
        18.76088042315412,
        118.10329916533075
    ],
    "Cell_State": [
        -1.8776180564750378e-06,
        4.763015626020701e-06,
        8.488349265107601e-05,
        0.00023234725187819448,
        0.00031838400175632307,
        0.00032971298566481525
    ],
    "Hidden_State": [
        1.8493911652095463e-08,
        2.6243834347003392e-08,
        2.0816681711721685e-17,
        4.930611641196236e-09,
        -1.659783421814609e-14,
        -2.7755575615628914e-17
    ],
    "Parameters": {
        "VQC_1": [
            [
                [
                    2.463795834017901e-11,
                    5.771827460421264e-12,
                    1.419087070075875e-12
                ]
            ],
            [
                [
                    3.526068326209497e-13,
                    8.804068585277491e-14,
                    2.2537527399890678e-14
                ]
            ],
            [
                [
                    5.773159728050814e-15,
                    6.661338147750939e-16,
                    5.551115123125783e-16
                ]
            ],
            [
                [
                    2.220446049250313e-16,
                    0.0,
                    0.0
                ]
            ],
            [
                [
                    0.0,
                    0.0,
                    0.0
                ]
            ],
            [
                [
                    0.0,
                    0.0,
                    0.0
                ]
            ],
            [
                [
                    0.0,
                    -2.020605904817785e-14,
                    1.1102230246251565e-15
                ]
            ],
            [
                [
                    8.881784197001252e-16,
                    -1.5831780331154732e-13,
                    1.199040866595169e-14
                ]
            ],
            [
                [
                    2.9976021664879227e-15,
                    4.70575800548545e-11,
                    -3.3206770666538432e-12
                ]
            ],
            [
                [
                    -8.294476216974545e-13,
                    1.1223122431402999e-10,
                    -7.492451103985331e-12
                ]
            ],
            [
                [
                    -1.8657297928825756e-12,
                    2.4447111002245947e-12,
                    -9.882095142188518e-13
                ]
            ],
            [
                [
                    -2.3070434451710753e-13,
                    -2.421685074693869e-11,
                    8.952838470577262e-13
                ]
            ]
        ],