{
    "Training_Minutes": 0,
    "Epoch_Iterations": 6,
    "Epoch_Dates": [
        "Wed 3/19",
        "Fri 3/21",
        "Mon 3/24",
        "Fri 3/28",
        "Sun 3/30",
        "Tue 4/1",
        "Thu 4/3",
        "Sat 4/5",
        "Tue 4/8",
        "Thu 4/10",
        "Fri 4/11",
        "Sun 4/13",
        "Sat 4/19",
        "Tue 4/22",
        "Fri 4/25"
    ],
    "Losses": [
        [
            0.2881756910895244,
            0.0715779878304956,
            0.18266207729586684,
            0.2885948700133109,
            0.11244700997137289,
            0.05629305651414865,
            0.06711440103312692,
            0.20088735511920963,
            0.1828507093616793,
            0.09226910912849963,
            0.08769284392082742,
            0.09077371703920334,
            0.25518260922287106,
            0.05058527814587411
        ],
        [
            0.22135229021563785,
            0.04614807605658215,
            0.11887982957783487,
            0.22715198260839198,
            0.07330058024909818,
            0.034130586203238535,
            0.0319883535852529,
            0.13547264840208065,
            0.1326217650974145,
            0.05128091990347908,
            0.0660660994432821,
            0.06391807927518499,
            0.21162587463737867,
            0.03173498542377924
        ],
        [
            0.18497395018221868,
            0.03984374755117345,
            0.08370648564880494,
            0.1925530446910525,
            0.055128448567677825,
            0.028607966897399972,
            0.016223238698160707,
            0.09652892039689669,
            0.10488243954724538,
            0.029772593447706112,
            0.05883942143794096,
            0.052676852238038224,
            0.18715482829708874,
            0.025470704608829598
        ],
        [
            0.16573798157266553,
            0.04240632365138438,
            0.06464857832181295,
            0.1730782181763267,
            0.047834929220026697,
            0.03083387255047619,
            0.010435102045038447,
            0.07299053102668197,
            0.08967038836249855,
            0.018825548811043997,
            0.058551440384966874,
            0.049318845530263666,
            0.17336529936586384,
            0.025278202226749397
        ],
        [
            0.15582182755478538,
            0.04858091180349691,
            0.054442933141911974,
            0.16207605651167667,
            0.04600391660945077,
            0.03625191151926122,
            0.009583383473251845,
            0.058427180445372935,
            0.08137998274033167,
            0.013561259164485978,
            0.06137090564792141,
            0.04975230902079921,
            0.1655793169222939,
            0.02783216771912659
        ],
        [
            0.15091824391398706,
            0.055853370546279826,
            0.04908211904932575,
            0.1558834126658533,
            0.04683204387890856,
            0.04265627254775682,
            0.011058318662347582,
            0.04918618515991968,
            0.07693315585925314,
            0.01135548989499179,
            0.06539310614058536,
            0.051874167719954074,
            0.16121258880590314,
            0.03147327025444208
        ]
    ],
    "Prediction": [
        49.72033895677717,
        36.13840963365057,
        77.48659077887407,
        49.33154019160057,
        19.291502019823547,
        117.2768451090043
    ],
    "Cell_State": [
        1.2195250361039156e-05,
        2.8870973839869723e-05,
        0.00011197730383517707,
        0.00030898536193089585,
        0.0004204048090487636,
        0.00041087485642318057
    ],
    "Hidden_State": [
        3.2474731924414524e-08,
        4.318343953604864e-08,
        2.7755575615628914e-17,
        8.649836756580154e-09,
        -1.6604079222659607e-13,
        -6.938893903907228e-18
    ],
    "Parameters": {
        "VQC_1": [
            [
                [
                    2.913458363451582e-11,
                    8.607559109918839e-12,
                    2.23487894857044e-12
                ]
            ],
            [
                [
                    5.632161403923419e-13,
                    1.4088730182493236e-13,
                    3.5638159090467525e-14
                ]
            ],
            [
                [
                    9.103828801926284e-15,
                    1.7763568394002505e-15,
                    5.551115123125783e-16
                ]
            ],
            [
                [
                    2.220446049250313e-16,
                    0.0,
                    0.0
                ]
            ],
            [
                [
                    0.0,
                    0.0,
                    0.0
                ]
            ],
            [
                [
                    0.0,
                    0.0,
                    0.0
                ]
            ],
            [
                [
                    0.0,
                    -6.328271240363392e-15,
                    1.1102230246251565e-16
                ]
            ],
            [
                [
                    6.661338147750939e-16,
                    -4.3298697960381105e-15,
                    4.440892098500626e-16
                ]
            ],
            [
                [
                    1.1102230246251565e-16,
                    3.7545522246773544e-11,
                    -2.683964162031316e-12
                ]
            ],
            [
                [
                    -6.697975507563569e-13,
                    1.3827350375805736e-10,
                    -9.580558568700326e-12
                ]
            ],
            [
                [
                    -2.3780977187470853e-12,
                    2.6002677788738993e-10,
                    -1.8569923376787756e-11
                ]
            ],
            [
                [
                    -4.598432745694936e-12,
                    2.1982959896860166e-10,
                    -1.575395369712851e-11
                ]
            ]
        ],